Date,Open,High,Low,Close,Adj Close,Volume
2020-12-28,1405.0,1421.0,1404.0,1412.8499755859375,1356.3057861328125,5849597
2020-12-29,1421.050048828125,1434.75,1420.0,1427.199951171875,1370.08154296875,7247673
2020-12-30,1439.9000244140625,1439.9000244140625,1413.0,1432.5,1375.16943359375,8108363
2020-12-31,1435.0,1444.0,1425.050048828125,1436.300048828125,1378.8172607421875,11072875
2021-01-01,1440.0,1443.0,1420.5999755859375,1425.050048828125,1368.017578125,4405469
2021-01-04,1438.0,1438.0,1399.0,1416.0,1359.3297119140625,7870096
2021-01-05,1419.199951171875,1430.75,1409.0,1426.699951171875,1369.6014404296875,7193412
2021-01-06,1435.0,1440.0,1413.0999755859375,1420.550048828125,1363.6976318359375,11067025
2021-01-07,1432.5,1432.5999755859375,1412.550048828125,1416.25,1359.5697021484375,9947421
2021-01-08,1432.0,1442.0,1423.0999755859375,1431.6500244140625,1374.353271484375,6884382
2021-01-11,1450.0,1464.9000244140625,1436.300048828125,1451.449951171875,1393.36083984375,8665696
2021-01-12,1452.449951171875,1487.699951171875,1449.0999755859375,1481.0,1421.7283935546875,10194078
2021-01-13,1492.9000244140625,1496.9000244140625,1462.0999755859375,1470.6500244140625,1411.7926025390625,8467325
2021-01-14,1471.1500244140625,1488.0,1456.0,1468.75,1409.968505859375,6148583
2021-01-15,1469.0999755859375,1471.6500244140625,1445.0,1466.6500244140625,1407.95263671875,7082618
2021-01-18,1469.9000244140625,1502.8499755859375,1467.0,1483.0999755859375,1423.744140625,21412816
2021-01-19,1491.800048828125,1511.6500244140625,1467.0,1503.8499755859375,1443.663818359375,8680127
2021-01-20,1501.0,1501.0,1486.0,1492.0,1432.2882080078125,6673026
2021-01-21,1492.0,1494.3499755859375,1468.1500244140625,1474.800048828125,1415.7764892578125,13166527
2021-01-22,1467.9000244140625,1467.9000244140625,1440.1500244140625,1443.550048828125,1385.777099609375,7696182
2021-01-25,1465.0999755859375,1481.0,1455.1500244140625,1462.8499755859375,1404.3046875,10172359
2021-01-27,1468.0,1471.9000244140625,1406.1500244140625,1409.5999755859375,1353.1859130859375,11778138
2021-01-28,1389.9000244140625,1401.300048828125,1342.0,1371.449951171875,1316.5626220703125,21352223
2021-01-29,1391.3499755859375,1408.75,1364.5,1390.5,1334.85009765625,14352251
2021-02-01,1410.25,1482.5,1401.0,1476.75,1417.6483154296875,13185272
2021-02-02,1501.0,1578.5,1497.4000244140625,1560.550048828125,1498.0946044921875,21210103
2021-02-03,1579.0,1581.699951171875,1542.0,1574.800048828125,1511.7742919921875,10118627
2021-02-04,1566.0,1588.0,1543.449951171875,1579.0999755859375,1515.9022216796875,12242342
2021-02-05,1548.0,1618.25,1548.0,1597.5999755859375,1533.6617431640625,13527358
2021-02-08,1620.0,1631.6500244140625,1595.699951171875,1605.25,1541.005615234375,8723790
2021-02-09,1610.0,1628.0,1586.699951171875,1611.8499755859375,1547.3414306640625,9210683
2021-02-10,1608.3499755859375,1614.8499755859375,1567.0,1581.75,1518.4461669921875,9894003
2021-02-11,1582.0,1597.800048828125,1564.199951171875,1572.3499755859375,1509.4222412109375,6824309
2021-02-12,1573.9000244140625,1592.5,1573.0,1581.949951171875,1518.6380615234375,4955053
2021-02-15,1600.0999755859375,1625.0,1596.699951171875,1616.5999755859375,1551.9013671875,5177622
2021-02-16,1621.199951171875,1641.0,1608.449951171875,1626.6500244140625,1561.5491943359375,6948679
2021-02-17,1620.0,1621.800048828125,1583.0,1586.5,1523.006103515625,6397213
2021-02-18,1605.949951171875,1605.949951171875,1548.0,1554.300048828125,1492.0947265625,7360280
2021-02-19,1545.0,1564.199951171875,1533.0,1539.0999755859375,1477.5030517578125,8569754
2021-02-22,1545.050048828125,1573.9000244140625,1539.449951171875,1548.0,1486.046875,14725919
2021-02-23,1553.75,1557.699951171875,1522.6500244140625,1529.1500244140625,1467.9512939453125,9119953
2021-02-24,1526.5,1613.949951171875,1516.25,1606.449951171875,1542.1575927734375,7157166
2021-02-25,1609.75,1636.25,1602.0,1606.4000244140625,1542.1094970703125,10054785
2021-02-26,1587.050048828125,1588.9000244140625,1521.0,1534.4000244140625,1472.9910888671875,13956423
2021-03-01,1564.0,1572.550048828125,1540.699951171875,1558.9000244140625,1496.5107421875,6768009
2021-03-02,1575.699951171875,1587.5,1551.0,1568.199951171875,1505.4384765625,8055019
2021-03-03,1584.0,1596.0,1565.0,1586.8499755859375,1523.342041015625,5611205
2021-03-04,1548.550048828125,1571.0,1539.0999755859375,1552.050048828125,1489.9349365234375,8145719
2021-03-05,1531.0,1545.5999755859375,1521.0999755859375,1530.0,1468.767333984375,8722911
2021-03-08,1542.0,1555.0,1512.5,1519.5,1458.6875,7558525
2021-03-09,1545.0,1565.699951171875,1538.25,1562.5,1499.9666748046875,7533348
2021-03-10,1572.0,1575.0,1552.1500244140625,1555.75,1493.486572265625,5527508
2021-03-12,1600.0,1600.0,1535.050048828125,1551.949951171875,1489.8387451171875,7815602
2021-03-15,1548.4000244140625,1548.4000244140625,1515.300048828125,1528.6500244140625,1467.4713134765625,6115193
2021-03-16,1530.9000244140625,1540.4000244140625,1510.0,1512.1500244140625,1451.631591796875,6861183
2021-03-17,1524.25,1539.0,1490.199951171875,1495.3499755859375,1435.50390625,10532214
2021-03-18,1511.75,1522.050048828125,1481.1500244140625,1491.0,1431.328125,9032770
2021-03-19,1485.0,1511.199951171875,1474.050048828125,1497.5,1437.5679931640625,10617510
2021-03-22,1494.9000244140625,1494.9000244140625,1460.4000244140625,1469.1500244140625,1410.3524169921875,7007816
2021-03-23,1470.0,1507.449951171875,1469.0999755859375,1500.1500244140625,1440.1119384765625,9880714
2021-03-24,1490.9000244140625,1506.449951171875,1471.0,1478.800048828125,1419.6163330078125,8184450
2021-03-25,1490.199951171875,1495.550048828125,1450.25,1463.3499755859375,1404.7845458984375,11982178
2021-03-26,1494.0,1499.0,1474.0,1491.300048828125,1431.6160888671875,6010629
2021-03-30,1506.6500244140625,1562.550048828125,1501.550048828125,1553.699951171875,1491.5186767578125,12803822
2021-03-31,1548.0,1548.0,1488.0,1493.6500244140625,1433.8720703125,15387253
2021-04-01,1499.4000244140625,1499.4000244140625,1465.0,1486.75,1427.2481689453125,17881881
2021-04-05,1480.0,1485.0,1431.0,1449.5999755859375,1391.5849609375,8003293
2021-04-06,1460.0,1462.6500244140625,1432.6500244140625,1440.25,1382.609130859375,7537867
2021-04-07,1439.300048828125,1456.699951171875,1421.550048828125,1447.199951171875,1389.281005859375,12544090
2021-04-08,1453.0,1460.9000244140625,1430.5,1432.800048828125,1375.4573974609375,8806796
2021-04-09,1426.0,1432.800048828125,1415.0999755859375,1421.75,1364.8494873046875,14078908
2021-04-12,1393.0,1399.0,1353.0,1367.050048828125,1312.3387451171875,11274564
2021-04-13,1368.0,1406.449951171875,1361.0,1400.3499755859375,1344.3060302734375,9300341
2021-04-15,1405.0,1436.699951171875,1391.0,1430.0999755859375,1372.8653564453125,17222492
2021-04-16,1434.949951171875,1445.0,1423.5,1428.6500244140625,1371.4735107421875,7803263
2021-04-19,1390.0,1417.699951171875,1372.300048828125,1412.4000244140625,1355.8736572265625,12034621
2021-04-20,1425.0,1426.4000244140625,1383.949951171875,1391.4000244140625,1335.714111328125,11593135
2021-04-22,1380.0,1426.800048828125,1371.050048828125,1422.5,1365.5694580078125,19242656
2021-04-23,1409.0,1434.5999755859375,1400.199951171875,1414.1500244140625,1357.5537109375,11356764
2021-04-26,1413.0,1429.0,1402.75,1404.800048828125,1348.5780029296875,15085476
2021-04-27,1407.25,1442.0,1404.800048828125,1438.699951171875,1381.1212158203125,10296453
2021-04-28,1436.25,1479.0,1431.0,1476.800048828125,1417.6964111328125,12051970
2021-04-29,1486.199951171875,1503.6500244140625,1461.0,1472.5,1413.5684814453125,12039276
2021-04-30,1445.0,1453.800048828125,1407.5,1412.300048828125,1355.77783203125,17616451
2021-05-03,1393.0,1421.9000244140625,1377.300048828125,1414.449951171875,1357.841796875,11236850
2021-05-04,1409.949951171875,1423.0,1383.300048828125,1388.3499755859375,1332.7862548828125,10743164
2021-05-05,1401.0,1409.5999755859375,1381.699951171875,1402.5999755859375,1346.4659423828125,7210806
2021-05-06,1407.5999755859375,1410.800048828125,1395.0,1400.9000244140625,1344.8341064453125,5738522
2021-05-07,1412.949951171875,1424.949951171875,1410.25,1414.75,1358.129638671875,6024167
2021-05-10,1427.0,1430.0,1412.800048828125,1419.8499755859375,1363.0257568359375,5530025
2021-05-11,1396.0,1424.199951171875,1395.050048828125,1403.550048828125,1347.3780517578125,7259517
2021-05-12,1399.75,1408.5999755859375,1388.8499755859375,1399.5,1343.4901123046875,6887463
2021-05-14,1394.3499755859375,1398.9000244140625,1382.3499755859375,1386.8499755859375,1331.346435546875,5302071
2021-05-17,1395.1500244140625,1442.5999755859375,1381.300048828125,1440.25,1382.609130859375,7560346
2021-05-18,1458.949951171875,1482.75,1455.0,1476.699951171875,1417.6004638671875,11082640
2021-05-19,1470.199951171875,1478.8499755859375,1452.550048828125,1458.199951171875,1399.8406982421875,5065458
2021-05-20,1458.3499755859375,1465.9000244140625,1428.5,1432.800048828125,1375.4573974609375,5342092
2021-05-21,1443.0,1501.9000244140625,1443.0,1497.300048828125,1437.3759765625,9670823
2021-05-24,1503.25,1520.449951171875,1498.5,1509.949951171875,1449.5196533203125,11073051
2021-05-25,1510.5,1513.75,1470.5,1478.949951171875,1419.76025390625,9618487
2021-05-26,1480.0,1487.0,1470.0,1477.050048828125,1417.9364013671875,6141995
2021-05-27,1473.0999755859375,1489.0,1462.449951171875,1482.6500244140625,1423.3123779296875,10219748
2021-05-28,1490.9000244140625,1513.0,1478.75,1503.449951171875,1443.27978515625,8875010
2021-05-31,1500.0,1519.5,1487.5,1515.8499755859375,1455.18359375,7830527
2021-06-01,1520.300048828125,1527.0,1507.25,1511.699951171875,1451.19970703125,5515081
2021-06-02,1510.0,1510.199951171875,1493.0,1504.0,1443.807861328125,5312008
2021-06-03,1508.0,1524.949951171875,1487.75,1520.550048828125,1459.6954345703125,5143630
2021-06-04,1516.0,1520.6500244140625,1499.199951171875,1500.949951171875,1440.8798828125,4712238
2021-06-07,1510.0,1514.0,1496.0,1499.8499755859375,1439.8238525390625,4045834
2021-06-08,1496.550048828125,1501.300048828125,1481.5,1483.050048828125,1423.6962890625,4936270
2021-06-09,1483.9000244140625,1502.0,1472.050048828125,1480.300048828125,1421.056396484375,5111721
2021-06-10,1482.0999755859375,1489.0,1473.6500244140625,1481.050048828125,1421.7762451171875,5741770
2021-06-11,1491.0,1496.550048828125,1481.050048828125,1486.3499755859375,1426.864013671875,3602987
2021-06-14,1478.25,1486.0,1462.550048828125,1479.449951171875,1420.240234375,4440982
2021-06-15,1486.0,1496.0,1474.800048828125,1490.25,1430.6080322265625,3784801
2021-06-16,1488.0,1494.0,1478.0999755859375,1484.5999755859375,1425.1842041015625,3851049
2021-06-17,1466.0,1478.75,1460.0,1466.0999755859375,1407.4244384765625,4641901
2021-06-18,1469.5,1490.0,1455.0,1479.800048828125,1420.576416015625,5969030
2021-06-21,1461.3499755859375,1491.800048828125,1459.0,1488.699951171875,1429.1199951171875,3630236
2021-06-22,1497.0,1508.0,1480.0,1483.800048828125,1424.416259765625,7183412
2021-06-23,1490.0,1497.800048828125,1478.5999755859375,1485.5,1426.04833984375,3922434
2021-06-24,1490.0,1513.449951171875,1488.0,1506.25,1445.9677734375,7392512
2021-06-25,1511.0999755859375,1522.0,1507.0,1515.0999755859375,1454.463623046875,5191588
2021-06-28,1520.0,1523.0,1505.0,1508.3499755859375,1447.983642578125,4678393
2021-06-29,1507.0,1508.199951171875,1492.1500244140625,1502.050048828125,1448.176513671875,5485846
2021-06-30,1498.0,1509.0,1494.0999755859375,1497.9000244140625,1444.1754150390625,4839511
2021-07-01,1502.0,1502.0,1483.0,1486.75,1433.42529296875,8455721
2021-07-02,1485.0,1489.25,1477.0,1480.4000244140625,1427.3031005859375,7413518
2021-07-05,1489.949951171875,1504.5,1484.550048828125,1495.449951171875,1441.813232421875,3686941
2021-07-06,1497.0,1540.0,1496.0,1534.699951171875,1479.655517578125,8834516
2021-07-07,1534.0,1545.3499755859375,1527.699951171875,1539.5,1484.2833251953125,4814595
2021-07-08,1525.0,1537.699951171875,1513.449951171875,1520.449951171875,1465.91650390625,4210461
2021-07-09,1512.550048828125,1516.0,1497.5,1502.0,1448.12841796875,5347921
2021-07-12,1502.0,1502.0,1484.0,1487.0,1433.666259765625,7229489
2021-07-13,1496.0999755859375,1506.0999755859375,1484.0999755859375,1501.8499755859375,1447.983642578125,9089071
2021-07-14,1497.5,1507.3499755859375,1491.0999755859375,1499.1500244140625,1445.380615234375,4894247
2021-07-15,1505.0,1526.75,1499.6500244140625,1520.699951171875,1466.1575927734375,5219401
2021-07-16,1527.949951171875,1529.949951171875,1518.800048828125,1522.3499755859375,1467.7484130859375,2585314
2021-07-19,1487.0,1488.8499755859375,1466.0,1471.0,1418.240234375,12555800
2021-07-20,1442.0,1454.0,1436.1500244140625,1443.1500244140625,1391.38916015625,12087125
2021-07-22,1456.0999755859375,1468.5,1445.0,1448.699951171875,1396.7398681640625,6603557
2021-07-23,1451.5,1457.449951171875,1435.300048828125,1442.75,1391.00341796875,6563342
2021-07-26,1430.0,1444.0,1428.0999755859375,1434.550048828125,1383.09765625,6583583
2021-07-27,1436.0999755859375,1449.9000244140625,1436.0999755859375,1439.75,1388.111083984375,11200715
2021-07-28,1435.050048828125,1438.699951171875,1404.0,1417.300048828125,1366.46630859375,10335171
2021-07-29,1428.25,1429.949951171875,1413.300048828125,1418.25,1367.382080078125,6851115
2021-07-30,1419.0,1431.75,1407.949951171875,1426.449951171875,1375.2880859375,5827744
2021-08-02,1435.0,1435.0,1416.25,1422.6500244140625,1371.6243896484375,6629393
2021-08-03,1410.0,1439.9000244140625,1410.0,1434.699951171875,1383.2421875,6016560
2021-08-04,1441.0,1474.5,1440.0,1465.300048828125,1412.74462890625,11026974
2021-08-05,1467.0999755859375,1507.050048828125,1457.4000244140625,1484.8499755859375,1431.593505859375,9411204
2021-08-06,1483.550048828125,1500.0,1474.0,1492.6500244140625,1439.1136474609375,6669635
2021-08-09,1492.0,1507.3499755859375,1476.0,1503.9000244140625,1449.960205078125,5499024
2021-08-10,1489.0,1519.75,1489.0,1507.6500244140625,1453.57568359375,7419173
2021-08-11,1514.9000244140625,1518.8499755859375,1491.050048828125,1494.949951171875,1441.3311767578125,6292893
2021-08-12,1497.0,1507.5999755859375,1489.300048828125,1501.4000244140625,1447.5498046875,4298837
2021-08-13,1501.199951171875,1531.0,1501.0,1526.199951171875,1471.4603271484375,8329214
2021-08-16,1526.1500244140625,1535.0,1521.449951171875,1530.5999755859375,1475.7025146484375,3126389
2021-08-17,1517.199951171875,1524.0,1505.300048828125,1514.6500244140625,1460.32470703125,4141333
2021-08-18,1556.699951171875,1565.3499755859375,1508.3499755859375,1513.0,1458.7337646484375,11492966
2021-08-20,1486.050048828125,1519.800048828125,1486.050048828125,1514.75,1460.421142578125,6575203
2021-08-23,1529.8499755859375,1533.1500244140625,1508.6500244140625,1524.5999755859375,1469.917724609375,5421527
2021-08-24,1530.0,1564.5,1527.449951171875,1558.8499755859375,1502.939208984375,9190657
2021-08-25,1552.0999755859375,1564.800048828125,1548.0,1557.4000244140625,1501.5413818359375,3863987
2021-08-26,1550.0,1571.0,1543.449951171875,1554.800048828125,1499.03466796875,5559501
2021-08-27,1552.0,1558.6500244140625,1545.25,1548.449951171875,1492.912353515625,3191069
2021-08-30,1555.5999755859375,1570.0,1551.5999755859375,1568.25,1512.002197265625,4524583
2021-08-31,1563.5,1583.3499755859375,1562.199951171875,1581.4000244140625,1524.6805419921875,6031288
2021-09-01,1575.0,1598.0,1574.5,1579.0999755859375,1522.4630126953125,6211279
2021-09-02,1574.0999755859375,1592.0,1571.25,1589.0,1532.0079345703125,4809262
2021-09-03,1586.0999755859375,1598.0,1568.300048828125,1576.050048828125,1519.5224609375,5367667
2021-09-06,1579.949951171875,1580.949951171875,1561.949951171875,1565.699951171875,1509.5435791015625,3938448
2021-09-07,1562.5,1582.0,1555.199951171875,1569.25,1512.96630859375,3622748
2021-09-08,1571.949951171875,1580.5,1565.5999755859375,1576.4000244140625,1519.8599853515625,3362040
2021-09-09,1574.0,1579.449951171875,1561.0,1568.5999755859375,1512.3394775390625,4125474
2021-09-13,1562.0,1584.0,1553.6500244140625,1555.550048828125,1499.7576904296875,4479582
2021-09-14,1560.0,1564.5,1546.5999755859375,1548.550048828125,1493.0087890625,4879253
2021-09-15,1535.0,1554.800048828125,1535.0,1546.800048828125,1491.3216552734375,7411499
2021-09-16,1537.75,1564.300048828125,1536.300048828125,1559.949951171875,1503.9998779296875,5130275
2021-09-17,1569.0,1589.0,1559.199951171875,1582.1500244140625,1525.4036865234375,10249051
2021-09-20,1564.0,1581.699951171875,1558.0,1559.8499755859375,1503.9034423828125,4390805
2021-09-21,1562.0,1568.6500244140625,1528.949951171875,1551.949951171875,1496.2867431640625,7387498
2021-09-22,1549.0,1550.1500244140625,1530.0,1533.699951171875,1478.6912841796875,5291101
2021-09-23,1542.0,1572.0,1542.0,1570.0,1513.689453125,6832152
2021-09-24,1579.0,1607.949951171875,1575.0,1601.550048828125,1544.10791015625,10403351
2021-09-27,1615.699951171875,1635.5,1608.0,1625.0999755859375,1566.813232421875,8207731
2021-09-28,1632.0,1632.0,1582.0,1615.050048828125,1557.1236572265625,6386895
2021-09-29,1597.0,1606.5999755859375,1585.1500244140625,1593.8499755859375,1536.6839599609375,8131518
2021-09-30,1586.0,1606.3499755859375,1583.0999755859375,1594.949951171875,1537.7445068359375,7987674
2021-10-01,1583.0,1589.0,1565.25,1582.699951171875,1525.933837890625,5564298
2021-10-04,1589.0,1601.3499755859375,1583.5999755859375,1585.75,1528.8746337890625,3525514
2021-10-05,1592.0,1597.5,1576.25,1595.449951171875,1538.2264404296875,5128589
2021-10-06,1596.0,1626.8499755859375,1587.0,1614.9000244140625,1556.9791259765625,9300415
2021-10-07,1626.5999755859375,1627.699951171875,1607.0,1610.5,1552.73681640625,5632862
2021-10-08,1612.0,1622.0,1600.1500244140625,1602.6500244140625,1545.1683349609375,3622781
2021-10-11,1599.9000244140625,1645.0,1599.0,1633.800048828125,1575.2012939453125,6540424
2021-10-12,1625.0,1641.550048828125,1625.0,1629.5999755859375,1571.1517333984375,4088473
2021-10-13,1637.0,1648.0,1630.0,1639.4000244140625,1580.6002197265625,3112822
2021-10-14,1638.0,1690.0,1638.0,1687.4000244140625,1626.8787841796875,7378644
2021-10-18,1705.0,1725.0,1667.050048828125,1670.300048828125,1610.39208984375,14428228
2021-10-19,1675.449951171875,1692.449951171875,1671.0,1688.699951171875,1628.1319580078125,4493770
2021-10-20,1689.0999755859375,1698.75,1664.449951171875,1673.8499755859375,1613.814697265625,5454284
2021-10-21,1671.800048828125,1681.949951171875,1660.8499755859375,1676.300048828125,1616.1767578125,4869095
2021-10-22,1680.0999755859375,1708.0,1670.75,1680.75,1620.4671630859375,6087777
2021-10-25,1690.0,1690.0,1613.800048828125,1657.0,1597.5689697265625,8213383
2021-10-26,1650.0,1673.8499755859375,1646.3499755859375,1652.75,1593.4713134765625,6045328
2021-10-27,1652.75,1665.050048828125,1637.300048828125,1642.800048828125,1583.87841796875,6624821
2021-10-28,1650.0,1650.0,1587.1500244140625,1593.5999755859375,1536.44287109375,8898875
2021-10-29,1590.0,1602.0,1560.0,1582.8499755859375,1526.07861328125,6203437
2021-11-01,1585.0,1611.0,1583.550048828125,1605.300048828125,1547.723388671875,4061160
2021-11-02,1606.0,1622.0,1600.050048828125,1606.75,1549.121337890625,6618861
2021-11-03,1605.0999755859375,1609.9000244140625,1575.550048828125,1581.449951171875,1524.7286376953125,5103669
2021-11-04,1595.0,1597.8499755859375,1590.0999755859375,1593.949951171875,1536.7803955078125,548404
2021-11-08,1592.0999755859375,1604.699951171875,1570.449951171875,1600.25,1542.8544921875,9471790
2021-11-09,1594.5999755859375,1594.5999755859375,1569.050048828125,1572.25,1515.8587646484375,6347738
2021-11-10,1568.0,1569.0,1550.0,1555.25,1499.4683837890625,6857063
2021-11-11,1550.050048828125,1554.9000244140625,1535.5999755859375,1548.300048828125,1492.767822265625,3999702
2021-11-12,1550.0,1559.050048828125,1545.050048828125,1553.0,1497.299072265625,7457046
2021-11-15,1562.0999755859375,1571.8499755859375,1554.4000244140625,1557.25,1501.396728515625,4766797
2021-11-16,1555.0,1557.199951171875,1541.5999755859375,1548.0,1492.478515625,4122703
2021-11-17,1536.9000244140625,1544.0,1528.5,1530.800048828125,1475.8953857421875,3799439
2021-11-18,1526.050048828125,1543.5,1525.25,1539.4000244140625,1484.18701171875,4576437
2021-11-22,1546.0,1552.699951171875,1499.050048828125,1515.3499755859375,1460.9993896484375,7630636
2021-11-23,1502.0,1527.800048828125,1496.3499755859375,1515.550048828125,1461.1923828125,5617607
2021-11-24,1524.0,1536.3499755859375,1514.050048828125,1518.050048828125,1463.602783203125,15401143
2021-11-25,1514.800048828125,1533.300048828125,1507.0,1525.949951171875,1471.21923828125,5125826
2021-11-26,1500.0,1506.699951171875,1485.0,1489.9000244140625,1436.46240234375,9312468
2021-11-29,1494.800048828125,1507.6500244140625,1462.0,1501.25,1447.4052734375,6495498
2021-11-30,1495.0,1529.0,1486.550048828125,1493.550048828125,1439.9815673828125,12610771
2021-12-01,1495.0,1507.050048828125,1489.0999755859375,1504.6500244140625,1450.683349609375,4338817
2021-12-02,1504.5,1528.800048828125,1500.0,1525.75,1471.0264892578125,5601555
2021-12-03,1525.800048828125,1535.949951171875,1507.050048828125,1513.550048828125,1459.2640380859375,4062347
2021-12-06,1513.0,1518.800048828125,1497.3499755859375,1503.800048828125,1449.86376953125,3514766
2021-12-07,1513.949951171875,1532.0,1509.9000244140625,1525.699951171875,1470.978271484375,6213767
2021-12-08,1536.0,1555.050048828125,1534.0,1553.800048828125,1498.070556640625,7647767
2021-12-09,1545.199951171875,1554.699951171875,1522.0,1526.8499755859375,1472.0870361328125,5873872
2021-12-10,1524.9000244140625,1528.0,1508.449951171875,1522.550048828125,1467.9412841796875,3889692
2021-12-13,1526.0,1537.6500244140625,1507.199951171875,1511.1500244140625,1456.9501953125,5161071
2021-12-14,1502.5,1516.0,1497.050048828125,1502.449951171875,1448.562255859375,4595550
2021-12-15,1503.0,1523.3499755859375,1495.6500244140625,1500.0,1446.2000732421875,5057574
2021-12-16,1512.800048828125,1517.0,1494.0,1500.0999755859375,1446.2965087890625,6605216
2021-12-17,1497.0,1506.0,1467.699951171875,1473.050048828125,1420.216796875,7497384
2021-12-20,1452.0,1458.0,1414.0999755859375,1425.6500244140625,1374.516845703125,10578334
2021-12-21,1439.5,1450.75,1430.0,1441.800048828125,1390.0875244140625,4559375
2021-12-22,1452.300048828125,1456.0,1435.699951171875,1445.199951171875,1393.365478515625,4288742
2021-12-23,1453.25,1457.800048828125,1436.8499755859375,1444.0999755859375,1392.304931640625,4889583
2021-12-24,1445.5,1452.0,1428.0,1438.9000244140625,1387.29150390625,2780512
2021-12-27,1428.9000244140625,1454.0,1422.1500244140625,1450.800048828125,1398.7647705078125,2352549
2021-12-28,1460.699951171875,1466.9000244140625,1453.4000244140625,1460.800048828125,1408.406005859375,2725339
2021-12-29,1456.050048828125,1461.0,1447.4000244140625,1453.8499755859375,1401.705322265625,3834351
2021-12-30,1458.5,1466.8499755859375,1445.0,1461.5,1409.0809326171875,3607959
2021-12-31,1461.5,1484.800048828125,1461.5,1479.4000244140625,1426.3389892578125,3162868
2022-01-03,1485.0,1523.0,1480.5,1519.6500244140625,1465.145263671875,4534592
2022-01-04,1520.0,1532.9000244140625,1507.800048828125,1528.550048828125,1473.72607421875,4428676
2022-01-05,1536.800048828125,1572.0,1528.0999755859375,1564.8499755859375,1508.72412109375,7166319
2022-01-06,1543.0,1554.75,1530.050048828125,1539.75,1484.5244140625,4814465
2022-01-07,1544.0,1566.75,1535.9000244140625,1550.550048828125,1494.93701171875,5589692
2022-01-10,1558.0,1572.0,1545.5,1559.1500244140625,1503.228515625,4428248
2022-01-11,1561.550048828125,1568.699951171875,1547.800048828125,1565.9000244140625,1509.736572265625,4194599
2022-01-12,1568.0,1576.6500244140625,1552.0,1556.6500244140625,1500.8182373046875,10542765
2022-01-13,1555.0,1555.0,1520.4000244140625,1528.0,1473.19580078125,20981948
2022-01-14,1530.0,1548.699951171875,1519.0,1545.1500244140625,1489.730712890625,5604484
2022-01-17,1530.0,1556.0,1519.1500244140625,1521.5,1466.928955078125,11494686
2022-01-18,1533.0,1550.9000244140625,1523.0,1529.25,1474.40087890625,6170576
2022-01-19,1534.0,1539.75,1513.3499755859375,1518.449951171875,1463.98828125,7158813
2022-01-20,1528.449951171875,1528.5,1500.0999755859375,1509.0,1454.8773193359375,7598923
2022-01-21,1500.0,1529.800048828125,1485.5999755859375,1521.5999755859375,1467.025390625,5768847
2022-01-24,1509.949951171875,1521.25,1467.550048828125,1486.6500244140625,1433.328857421875,5934254
2022-01-25,1458.6500244140625,1495.0,1444.0,1488.050048828125,1434.6787109375,6797124
2022-01-27,1450.0,1485.0,1435.0,1474.949951171875,1422.048583984375,14308919
2022-01-28,1477.5,1486.699951171875,1460.0,1463.25,1410.76806640625,12462604
2022-01-31,1472.75,1491.550048828125,1466.800048828125,1485.699951171875,1432.4129638671875,6421273
2022-02-01,1508.5,1517.0,1473.449951171875,1497.0,1443.3076171875,7369742
2022-02-02,1511.949951171875,1535.0,1505.5999755859375,1531.199951171875,1476.281005859375,6984645
2022-02-03,1528.75,1539.949951171875,1509.0,1515.3499755859375,1460.9993896484375,5282381
2022-02-04,1528.4000244140625,1532.8499755859375,1514.0999755859375,1524.0,1469.33935546875,5789979
2022-02-07,1512.0999755859375,1519.0,1460.0,1468.1500244140625,1415.4925537109375,6134021
2022-02-08,1476.4000244140625,1478.449951171875,1444.550048828125,1461.8499755859375,1409.4183349609375,6990565
2022-02-09,1474.0,1499.699951171875,1467.0,1497.5999755859375,1443.8861083984375,5654171
2022-02-10,1514.0,1535.5,1501.6500244140625,1525.0999755859375,1470.3997802734375,7157265
2022-02-11,1500.25,1525.0,1499.5,1518.8499755859375,1464.3739013671875,5355552
2022-02-14,1490.0,1499.449951171875,1469.300048828125,1473.699951171875,1420.8433837890625,7328310
2022-02-15,1476.0,1524.9000244140625,1473.050048828125,1517.800048828125,1463.361572265625,6567533
2022-02-16,1534.3499755859375,1534.75,1507.0,1515.75,1461.3851318359375,5016132
2022-02-17,1513.0999755859375,1522.0,1502.0,1506.5,1452.4669189453125,3675604
2022-02-18,1498.300048828125,1517.0,1490.449951171875,1512.3499755859375,1458.1070556640625,3898064
2022-02-21,1504.0,1530.699951171875,1495.550048828125,1522.0999755859375,1467.50732421875,3734033
2022-02-22,1489.800048828125,1522.0999755859375,1487.949951171875,1510.699951171875,1456.516357421875,4768098
2022-02-23,1525.0999755859375,1525.699951171875,1495.6500244140625,1500.9000244140625,1447.06787109375,4514781
2022-02-24,1449.9000244140625,1474.949951171875,1407.1500244140625,1419.4000244140625,1368.490966796875,11815383
2022-02-25,1439.949951171875,1465.9000244140625,1432.8499755859375,1456.0999755859375,1403.8746337890625,9159327
2022-02-28,1426.0,1438.550048828125,1414.050048828125,1426.25,1375.09521484375,12440416
2022-03-02,1386.5,1398.4000244140625,1354.4000244140625,1374.25,1324.9603271484375,19252780
2022-03-03,1381.0,1392.0,1362.9000244140625,1371.0,1321.826904296875,8763961
2022-03-04,1360.0,1386.0,1336.9000244140625,1366.5,1317.4884033203125,10609682
2022-03-07,1318.5,1332.3499755859375,1297.050048828125,1324.800048828125,1277.2840576171875,13527229
2022-03-08,1302.199951171875,1334.0,1292.0,1327.800048828125,1280.1763916015625,19606246
2022-03-09,1330.0,1374.699951171875,1318.8499755859375,1371.1500244140625,1321.971435546875,11567347
2022-03-10,1427.0,1427.0,1380.25,1392.699951171875,1342.7484130859375,11136603
2022-03-11,1388.0,1408.949951171875,1372.699951171875,1396.800048828125,1346.7015380859375,7575390
2022-03-14,1415.0,1450.0,1415.0,1442.550048828125,1390.810546875,12509063
2022-03-15,1443.5,1449.5,1411.75,1424.0,1372.9259033203125,9433964
2022-03-16,1447.0,1455.0,1436.199951171875,1448.1500244140625,1396.209716796875,6682054
2022-03-17,1472.0,1489.800048828125,1470.550048828125,1480.050048828125,1426.9656982421875,7411977
2022-03-21,1487.0,1493.6500244140625,1472.800048828125,1486.5,1433.1842041015625,6128938
2022-03-22,1481.300048828125,1498.0,1457.199951171875,1494.1500244140625,1440.5599365234375,5230907
2022-03-23,1507.0,1518.800048828125,1473.5999755859375,1479.25,1426.1943359375,15594128
2022-03-24,1466.0,1469.6500244140625,1434.550048828125,1442.6500244140625,1390.906982421875,10080022
2022-03-25,1451.0,1452.0,1419.0,1430.9000244140625,1379.578369140625,8183231
2022-03-28,1430.9000244140625,1438.0,1401.5999755859375,1432.800048828125,1381.4102783203125,7877443
2022-03-29,1441.0,1460.25,1430.0,1451.800048828125,1399.728759765625,6188724
2022-03-30,1472.0,1482.75,1454.050048828125,1476.949951171875,1423.976806640625,10054871
2022-03-31,1471.0,1484.699951171875,1465.9000244140625,1470.3499755859375,1417.613525390625,7147857
2022-04-01,1476.4000244140625,1510.0,1470.300048828125,1506.0,1451.9847412109375,7284278
2022-04-04,1580.0,1722.0999755859375,1562.550048828125,1656.800048828125,1597.376220703125,48725485
2022-04-05,1666.699951171875,1666.699951171875,1602.0,1608.25,1550.5675048828125,15461291
2022-04-06,1587.699951171875,1589.800048828125,1547.3499755859375,1550.8499755859375,1495.226318359375,13513930
2022-04-07,1541.300048828125,1541.3499755859375,1513.699951171875,1516.75,1462.349365234375,20390866
2022-04-08,1512.0999755859375,1525.75,1497.300048828125,1514.6500244140625,1460.32470703125,20628161
2022-04-11,1506.0,1510.0,1493.25,1496.1500244140625,1442.4881591796875,10399533
2022-04-12,1484.0,1506.8499755859375,1480.1500244140625,1493.5,1439.93310546875,13717701
2022-04-13,1490.0,1502.300048828125,1462.6500244140625,1464.949951171875,1412.4071044921875,14446260
2022-04-18,1418.8499755859375,1431.6500244140625,1390.050048828125,1395.449951171875,1345.3997802734375,22810188
2022-04-19,1380.9000244140625,1389.550048828125,1327.0,1342.199951171875,1294.059814453125,37048011
2022-04-20,1354.449951171875,1359.9000244140625,1335.3499755859375,1354.300048828125,1305.725830078125,24662868
2022-04-21,1365.0,1379.800048828125,1353.300048828125,1374.3499755859375,1325.0567626953125,26223135
2022-04-22,1360.0,1375.3499755859375,1349.1500244140625,1355.5999755859375,1306.979248046875,10329574
2022-04-25,1350.0,1370.6500244140625,1322.25,1365.75,1316.7650146484375,10467744
2022-04-26,1372.0,1381.949951171875,1357.1500244140625,1372.050048828125,1322.8392333984375,8508421
2022-04-27,1360.0,1379.0,1356.0999755859375,1372.550048828125,1323.3214111328125,9027167
2022-04-28,1372.0,1379.0,1362.0999755859375,1371.3499755859375,1322.1641845703125,10386861
2022-04-29,1380.3499755859375,1404.75,1371.550048828125,1384.5999755859375,1334.9390869140625,14200738
2022-05-02,1362.050048828125,1406.449951171875,1362.050048828125,1403.699951171875,1353.3538818359375,9747158
2022-05-04,1400.0,1403.5999755859375,1350.0,1356.0,1307.3648681640625,14527958
2022-05-05,1375.0,1375.0,1346.5,1352.949951171875,1304.42431640625,8931456
2022-05-06,1330.0,1335.0,1313.0,1317.5999755859375,1270.3421630859375,13365634
2022-05-09,1300.0,1326.5,1295.5,1319.8499755859375,1272.511474609375,16381217
2022-05-10,1315.050048828125,1353.0,1315.050048828125,1341.050048828125,1292.951171875,10056906
2022-05-11,1353.0,1355.0,1328.6500244140625,1348.5999755859375,1300.230224609375,8551462
2022-05-12,1321.0999755859375,1326.800048828125,1293.0,1303.050048828125,1270.921142578125,11191145
2022-05-13,1310.050048828125,1318.0,1287.0,1291.3499755859375,1259.5096435546875,8384119
2022-05-16,1299.0,1312.0,1285.300048828125,1305.0999755859375,1272.9205322265625,4902178
2022-05-17,1312.5999755859375,1317.0,1298.199951171875,1314.0,1281.6011962890625,8320722
2022-05-18,1324.050048828125,1333.300048828125,1310.0,1313.9000244140625,1281.503662109375,7866192
2022-05-19,1286.199951171875,1296.4000244140625,1278.300048828125,1287.050048828125,1255.315673828125,10268753
2022-05-20,1303.0,1324.199951171875,1292.3499755859375,1320.949951171875,1288.3797607421875,6959675
2022-05-23,1314.0,1329.949951171875,1299.0999755859375,1304.0,1271.8477783203125,9743160
2022-05-24,1300.0,1325.0,1296.9000244140625,1318.949951171875,1286.4290771484375,6435398
2022-05-25,1330.0,1335.949951171875,1323.199951171875,1328.800048828125,1296.036376953125,6443556
2022-05-26,1342.1500244140625,1371.0,1340.0,1366.699951171875,1333.001708984375,13496214
2022-05-27,1371.800048828125,1394.699951171875,1370.75,1392.050048828125,1357.726806640625,12015859
2022-05-30,1410.25,1420.5,1398.449951171875,1401.550048828125,1366.9925537109375,6312337
2022-05-31,1395.9000244140625,1404.800048828125,1380.0,1388.949951171875,1354.703125,6742694
2022-06-01,1380.0,1400.449951171875,1379.1500244140625,1394.8499755859375,1360.457763671875,6045948
2022-06-02,1387.25,1388.0,1378.5999755859375,1385.0999755859375,1350.9481201171875,5737510
2022-06-03,1398.300048828125,1400.75,1376.300048828125,1380.300048828125,1346.2664794921875,3478622
2022-06-06,1376.300048828125,1387.0,1360.6500244140625,1378.449951171875,1344.4619140625,3086633
2022-06-07,1362.0,1374.300048828125,1354.0999755859375,1362.5999755859375,1329.0029296875,5126983
2022-06-08,1373.300048828125,1381.0,1357.0,1367.4000244140625,1333.6845703125,2993294
2022-06-09,1362.25,1382.050048828125,1357.1500244140625,1377.699951171875,1343.73046875,3655908
2022-06-10,1360.0999755859375,1367.949951171875,1343.5999755859375,1351.0999755859375,1317.7864990234375,4577715
2022-06-13,1323.5999755859375,1330.0,1308.300048828125,1326.5999755859375,1293.8905029296875,5446286
2022-06-14,1311.25,1326.0,1305.0,1312.0,1279.6505126953125,5935178
2022-06-15,1301.6500244140625,1315.800048828125,1298.4000244140625,1307.449951171875,1275.212646484375,5905235
2022-06-16,1310.0,1320.550048828125,1278.0,1281.300048828125,1249.70751953125,6084596
2022-06-17,1275.0,1299.0,1271.5999755859375,1289.75,1257.9490966796875,7361961
2022-06-20,1304.699951171875,1325.0,1294.1500244140625,1322.1500244140625,1289.55029296875,7968420
2022-06-21,1336.9000244140625,1354.0,1324.050048828125,1336.550048828125,1303.59521484375,6610342
2022-06-22,1332.25,1336.949951171875,1323.199951171875,1330.25,1297.4505615234375,4079849
2022-06-23,1330.5,1348.0,1318.5,1335.1500244140625,1302.229736328125,7686122
2022-06-24,1338.550048828125,1361.6500244140625,1338.550048828125,1353.800048828125,1320.419921875,4006716
2022-06-27,1370.0,1376.0,1352.0,1356.25,1322.8094482421875,4902082
2022-06-28,1344.0,1351.0,1338.4000244140625,1345.9000244140625,1312.7147216796875,4885287
2022-06-29,1331.25,1350.75,1331.25,1343.949951171875,1310.812744140625,4997023
2022-06-30,1336.0,1354.0,1336.0,1348.0,1314.762939453125,6237911
2022-07-01,1343.949951171875,1360.0,1330.050048828125,1353.75,1320.37109375,5736226
2022-07-04,1353.699951171875,1360.199951171875,1342.25,1355.6500244140625,1322.224365234375,4243740
2022-07-05,1364.0,1379.3499755859375,1348.300048828125,1352.5999755859375,1319.2493896484375,7162859
2022-07-06,1348.0,1373.4000244140625,1347.0999755859375,1371.25,1337.4395751953125,7524539
2022-07-07,1380.0,1398.0,1374.449951171875,1395.800048828125,1361.3843994140625,8871571
2022-07-08,1410.0,1410.0,1394.75,1397.0999755859375,1362.6522216796875,6237015
2022-07-11,1394.0,1409.9000244140625,1393.25,1406.1500244140625,1371.4791259765625,3731416
2022-07-12,1405.25,1405.25,1389.4000244140625,1391.800048828125,1357.48291015625,4938487
2022-07-13,1390.0,1394.199951171875,1354.25,1357.8499755859375,1324.3699951171875,7972805
2022-07-14,1362.0,1372.6500244140625,1349.25,1351.050048828125,1317.7376708984375,5186205
2022-07-15,1353.0,1364.9000244140625,1346.800048828125,1362.050048828125,1328.4664306640625,6797823
2022-07-18,1348.0,1366.0999755859375,1342.050048828125,1347.550048828125,1314.3240966796875,10166110
2022-07-19,1337.0,1358.550048828125,1337.0,1348.050048828125,1314.8116455078125,7896269
2022-07-20,1359.9000244140625,1371.0999755859375,1355.25,1365.050048828125,1331.3924560546875,10173931
2022-07-21,1360.550048828125,1369.5,1358.0999755859375,1360.75,1327.198486328125,6320139
2022-07-22,1366.0,1397.0,1362.4000244140625,1392.5,1358.1656494140625,6364796
2022-07-25,1395.0,1404.5999755859375,1383.300048828125,1396.5999755859375,1362.1644287109375,5071563
2022-07-26,1396.0,1402.0,1386.300048828125,1393.75,1359.3848876953125,4263982
2022-07-27,1388.9000244140625,1406.0,1384.25,1404.4000244140625,1369.7723388671875,4606389
2022-07-28,1415.050048828125,1424.0,1411.0,1416.8499755859375,1381.915283203125,8710203
2022-07-29,1438.0,1438.5999755859375,1415.300048828125,1434.199951171875,1398.83740234375,10009868
2022-08-01,1439.0,1448.449951171875,1430.050048828125,1446.1500244140625,1410.4927978515625,6596518
2022-08-02,1442.0,1444.5999755859375,1423.050048828125,1430.25,1394.98486328125,7518255
2022-08-03,1424.949951171875,1435.75,1417.0,1433.5999755859375,1398.252197265625,5487749
2022-08-04,1440.0,1446.699951171875,1412.949951171875,1431.9000244140625,1396.59423828125,6006103
2022-08-05,1433.0,1436.949951171875,1421.1500244140625,1427.050048828125,1391.86376953125,4634491
2022-08-08,1428.0,1464.5,1427.0999755859375,1462.050048828125,1426.000732421875,7678868
2022-08-10,1461.3499755859375,1471.5,1449.050048828125,1466.300048828125,1430.14599609375,8676551
2022-08-11,1486.5,1491.0,1474.550048828125,1485.699951171875,1449.067626953125,9150883
2022-08-12,1485.0,1489.300048828125,1475.949951171875,1485.1500244140625,1448.53125,4425185
2022-08-16,1494.800048828125,1508.5,1488.050048828125,1502.1500244140625,1465.112060546875,6281878
2022-08-17,1500.0,1512.75,1485.75,1509.9000244140625,1472.6710205078125,6192175
2022-08-18,1500.0,1513.9000244140625,1499.6500244140625,1511.699951171875,1474.426513671875,4171069
2022-08-19,1510.0,1512.0,1490.0,1493.050048828125,1456.2364501953125,4031851
2022-08-22,1484.800048828125,1488.3499755859375,1467.699951171875,1470.3499755859375,1434.09619140625,4117033
2022-08-23,1453.300048828125,1475.949951171875,1450.4000244140625,1465.800048828125,1429.658447265625,7483442
2022-08-24,1461.9000244140625,1475.5,1459.199951171875,1472.8499755859375,1436.5345458984375,6727760
2022-08-25,1479.9000244140625,1486.800048828125,1457.0,1464.8499755859375,1428.7318115234375,5911520
2022-08-26,1472.050048828125,1481.800048828125,1461.199951171875,1465.0999755859375,1428.9755859375,3853088
2022-08-29,1437.0,1446.0,1428.5999755859375,1439.4000244140625,1403.9093017578125,4326589
2022-08-30,1446.449951171875,1489.949951171875,1443.0999755859375,1486.0999755859375,1449.457763671875,5067700
2022-09-01,1464.75,1489.449951171875,1459.0,1472.1500244140625,1435.851806640625,11201568
2022-09-02,1472.1500244140625,1490.5,1465.199951171875,1485.5,1448.8726806640625,6019043
2022-09-05,1486.0999755859375,1499.0,1484.0999755859375,1495.050048828125,1458.187255859375,6065966
2022-09-06,1498.9000244140625,1506.6500244140625,1486.449951171875,1489.3499755859375,1452.627685546875,6119348
2022-09-07,1471.300048828125,1490.0,1471.300048828125,1482.300048828125,1445.7515869140625,4888103
2022-09-08,1490.0999755859375,1500.0,1482.1500244140625,1497.5999755859375,1460.6741943359375,5582345
2022-09-09,1496.199951171875,1509.0,1494.050048828125,1498.5999755859375,1461.6495361328125,7564444
2022-09-12,1500.0,1504.0,1490.0,1493.550048828125,1456.72412109375,5540246
2022-09-13,1498.9000244140625,1515.9000244140625,1498.550048828125,1513.0999755859375,1475.7921142578125,6500983
2022-09-14,1494.050048828125,1538.9000244140625,1492.3499755859375,1528.6500244140625,1490.958740234375,10109880
2022-09-15,1530.0,1540.949951171875,1512.0,1520.699951171875,1483.20458984375,6769686
2022-09-16,1503.0999755859375,1514.699951171875,1483.0,1492.75,1455.94384765625,10280023
2022-09-19,1489.0,1514.0,1480.0,1502.5999755859375,1465.5509033203125,6038019
2022-09-20,1514.0,1524.0,1509.9000244140625,1520.699951171875,1483.20458984375,5390834
2022-09-21,1508.0,1521.5,1505.0,1518.3499755859375,1480.91259765625,4536152
2022-09-22,1502.0,1510.1500244140625,1482.75,1486.0,1449.3602294921875,6024072
2022-09-23,1472.3499755859375,1475.0,1437.0,1446.1500244140625,1410.4927978515625,7903126
2022-09-26,1425.3499755859375,1436.449951171875,1418.0,1426.6500244140625,1391.4736328125,4461743
2022-09-27,1432.4000244140625,1440.0,1407.0,1413.8499755859375,1378.9892578125,6319850
2022-09-28,1406.0,1410.5999755859375,1385.9000244140625,1389.550048828125,1355.288330078125,5908066
2022-09-29,1396.300048828125,1402.199951171875,1378.800048828125,1382.3499755859375,1348.265869140625,7205194
2022-09-30,1378.800048828125,1431.449951171875,1365.0,1421.3499755859375,1386.3043212890625,7890878
2022-10-03,1409.949951171875,1417.8499755859375,1401.0999755859375,1413.199951171875,1378.355224609375,5770556
2022-10-04,1429.5,1458.0,1426.1500244140625,1453.0,1417.1739501953125,5769263
2022-10-06,1459.949951171875,1462.5999755859375,1434.199951171875,1437.0,1401.5684814453125,6274599
2022-10-07,1430.25,1434.949951171875,1420.3499755859375,1430.800048828125,1395.5213623046875,6648997
2022-10-10,1408.0,1426.0,1398.199951171875,1415.0,1380.11083984375,6554651
2022-10-11,1401.0999755859375,1417.0,1399.449951171875,1400.6500244140625,1366.11474609375,7260810
2022-10-12,1403.199951171875,1414.8499755859375,1397.300048828125,1409.800048828125,1375.0391845703125,4612525
2022-10-13,1402.050048828125,1406.25,1384.0,1393.5999755859375,1359.238525390625,7357117
2022-10-14,1417.0,1447.0,1415.25,1439.0,1403.51904296875,6424960
2022-10-17,1435.0,1457.5999755859375,1427.0,1446.550048828125,1410.883056640625,9205250
2022-10-18,1458.050048828125,1462.9000244140625,1440.0,1443.8499755859375,1408.24951171875,5280554
2022-10-19,1464.0,1477.4000244140625,1453.4000244140625,1458.6500244140625,1422.6846923828125,6483520
2022-10-20,1444.0,1452.9000244140625,1442.5,1448.800048828125,1413.0775146484375,3949039
2022-10-21,1452.0,1457.6500244140625,1434.0,1438.5999755859375,1403.12890625,5246303
2022-10-24,1454.300048828125,1463.0,1454.300048828125,1461.050048828125,1425.0255126953125,1083897
2022-10-25,1461.0999755859375,1467.800048828125,1445.0,1450.9000244140625,1415.125732421875,6886697
2022-10-27,1464.5,1467.3499755859375,1451.25,1454.4000244140625,1418.5394287109375,7968638
2022-10-28,1450.0,1467.0,1447.4000244140625,1458.699951171875,1422.7332763671875,5237139
2022-10-31,1472.0,1498.0,1467.25,1496.699951171875,1459.79638671875,6415264
2022-11-01,1503.5,1529.0,1498.9000244140625,1513.25,1475.9383544921875,9536878
2022-11-02,1517.0,1528.25,1511.5999755859375,1514.199951171875,1476.8648681640625,6360203
2022-11-03,1497.699951171875,1520.25,1497.0,1507.550048828125,1470.37890625,5166176
2022-11-04,1503.199951171875,1516.0999755859375,1489.5999755859375,1497.1500244140625,1460.2353515625,5409030
2022-11-07,1510.0,1512.0,1492.0999755859375,1508.800048828125,1471.59814453125,4917917
2022-11-09,1515.050048828125,1517.949951171875,1504.0,1508.3499755859375,1471.1591796875,4634895
2022-11-10,1497.0999755859375,1527.0,1495.050048828125,1524.75,1487.15478515625,6387091
2022-11-11,1545.0,1637.0,1538.0,1611.1500244140625,1571.4244384765625,28361169
2022-11-14,1612.0,1628.0,1598.0,1615.050048828125,1575.2283935546875,9597695
2022-11-15,1623.1500244140625,1623.1500244140625,1605.25,1619.0,1579.0809326171875,5515101
2022-11-16,1618.6500244140625,1642.0,1612.0,1632.9000244140625,1592.6383056640625,6789075
2022-11-17,1618.0999755859375,1631.550048828125,1613.9000244140625,1618.1500244140625,1578.251953125,6050465
2022-11-18,1621.0,1623.0,1605.25,1613.9000244140625,1574.1068115234375,5229616
2022-11-21,1607.6500244140625,1612.0,1590.199951171875,1597.3499755859375,1557.9647216796875,4172408
2022-11-22,1600.0,1604.3499755859375,1591.0,1595.0,1555.672607421875,4273157
2022-11-23,1605.0,1605.0,1594.0,1599.1500244140625,1559.7203369140625,5092869
2022-11-24,1605.949951171875,1632.0,1599.1500244140625,1625.1500244140625,1585.079345703125,8598980
2022-11-25,1629.699951171875,1631.699951171875,1614.0999755859375,1617.6500244140625,1577.7642822265625,4205248
2022-11-28,1602.9000244140625,1607.449951171875,1594.050048828125,1600.25,1560.793212890625,8052990
2022-11-29,1597.25,1612.3499755859375,1592.8499755859375,1597.8499755859375,1558.452392578125,6319118
2022-11-30,1597.0999755859375,1612.9000244140625,1597.0999755859375,1608.449951171875,1568.791015625,7592403
2022-12-01,1622.0,1637.0,1615.0,1619.5,1579.568603515625,10223183
2022-12-02,1610.0,1618.5999755859375,1605.1500244140625,1607.0999755859375,1567.474365234375,3905539
2022-12-05,1609.949951171875,1614.5999755859375,1596.199951171875,1612.949951171875,1573.1800537109375,5796311
2022-12-06,1601.0,1613.699951171875,1600.0,1611.1500244140625,1571.4244384765625,6176546
2022-12-07,1614.1500244140625,1618.5999755859375,1604.449951171875,1610.449951171875,1570.74169921875,5837360
2022-12-08,1610.0,1626.0,1605.0,1619.5,1579.568603515625,7401817
2022-12-09,1626.0,1634.8499755859375,1620.0,1631.050048828125,1590.8338623046875,5981692
2022-12-12,1625.0,1653.5999755859375,1621.4000244140625,1643.75,1603.2205810546875,7217404
2022-12-13,1650.0,1657.0,1645.0,1648.300048828125,1607.658447265625,8515851
2022-12-14,1653.0,1665.5,1650.0,1662.25,1621.2645263671875,7113820
2022-12-15,1657.050048828125,1669.4000244140625,1627.050048828125,1631.800048828125,1591.5653076171875,9091324
2022-12-16,1620.050048828125,1645.0999755859375,1609.0,1639.6500244140625,1599.2218017578125,7323979
2022-12-19,1644.0,1646.6500244140625,1626.199951171875,1644.75,1604.196044921875,4802271
2022-12-20,1620.199951171875,1636.4000244140625,1620.199951171875,1633.4000244140625,1593.1259765625,3587349
2022-12-21,1641.0,1644.800048828125,1606.550048828125,1617.5999755859375,1577.71533203125,4634599
2022-12-22,1622.199951171875,1627.5,1609.0,1612.050048828125,1572.3023681640625,4873548
2022-12-23,1587.0,1604.1500244140625,1585.449951171875,1597.6500244140625,1558.25732421875,5346576
2022-12-26,1599.5,1639.0,1590.0,1629.449951171875,1589.2733154296875,4953661
2022-12-27,1633.0,1635.949951171875,1613.5,1631.0999755859375,1590.882568359375,3963386
2022-12-28,1623.0999755859375,1633.0,1623.0999755859375,1629.800048828125,1589.61474609375,4345935
2022-12-29,1620.0999755859375,1643.5,1611.0,1641.300048828125,1600.8311767578125,5506448
2022-12-30,1645.0,1645.0,1620.0,1628.1500244140625,1588.00537109375,3561320
2023-01-02,1627.0,1639.75,1618.550048828125,1628.699951171875,1588.5416259765625,2190689
2023-01-03,1622.199951171875,1643.0,1622.199951171875,1639.3499755859375,1598.92919921875,4189015
2023-01-04,1635.0,1645.75,1607.0,1610.050048828125,1570.3515625,5175800
2023-01-05,1615.0,1618.050048828125,1589.4000244140625,1599.699951171875,1560.2568359375,5470718
2023-01-06,1602.0,1609.0999755859375,1578.199951171875,1594.4000244140625,1555.0875244140625,4546231
2023-01-09,1596.0,1611.550048828125,1590.0,1597.5,1558.1109619140625,5364670
2023-01-10,1600.0,1600.0,1565.0,1568.300048828125,1529.631103515625,8185883
2023-01-11,1567.949951171875,1598.0,1560.0,1590.9000244140625,1551.673828125,7597899
2023-01-12,1587.800048828125,1603.9000244140625,1584.1500244140625,1599.4000244140625,1559.9642333984375,4625035
2023-01-13,1598.75,1609.9000244140625,1586.0,1600.6500244140625,1561.1834716796875,4622273
2023-01-16,1615.0,1621.300048828125,1580.300048828125,1585.300048828125,1546.2119140625,7374047
2023-01-17,1589.800048828125,1611.0,1577.5,1608.9000244140625,1569.22998046875,5393177
2023-01-18,1605.0,1641.5999755859375,1599.699951171875,1637.300048828125,1596.9296875,9545321
2023-01-19,1637.0,1650.0,1633.0,1644.0999755859375,1603.56201171875,5586081
2023-01-20,1644.0999755859375,1669.0,1643.4000244140625,1660.949951171875,1619.9964599609375,9421702
2023-01-23,1666.25,1682.5999755859375,1661.4000244140625,1673.0999755859375,1631.846923828125,7722200
2023-01-24,1675.050048828125,1702.4000244140625,1675.0,1695.5,1653.6947021484375,12491970
2023-01-25,1691.4000244140625,1692.949951171875,1645.300048828125,1648.6500244140625,1607.9998779296875,7352071
2023-01-27,1632.0,1637.0,1589.949951171875,1615.800048828125,1575.9598388671875,17589974
2023-01-30,1595.0,1625.300048828125,1582.0,1614.1500244140625,1574.3505859375,9256411
2023-01-31,1619.699951171875,1622.699951171875,1595.0,1603.5,1563.9630126953125,9298122
2023-02-01,1624.0,1665.0,1606.0,1627.550048828125,1587.420166015625,8651395
2023-02-02,1608.0999755859375,1624.5,1588.75,1603.3499755859375,1563.8167724609375,8748553
2023-02-03,1611.0,1660.5,1607.0,1658.800048828125,1617.8995361328125,7205550
2023-02-06,1660.0,1669.4000244140625,1646.199951171875,1651.75,1611.0234375,5583836
2023-02-07,1659.4000244140625,1664.9000244140625,1632.5999755859375,1654.199951171875,1613.4129638671875,5132294
2023-02-08,1654.25,1668.199951171875,1650.0,1654.0,1613.2178955078125,4222413
2023-02-09,1660.0,1661.6500244140625,1635.550048828125,1650.550048828125,1609.85302734375,5888668
2023-02-10,1648.800048828125,1658.5,1642.199951171875,1657.0999755859375,1616.241455078125,4086058
2023-02-13,1655.0,1661.75,1644.550048828125,1658.3499755859375,1617.460693359375,2868472
2023-02-14,1665.0,1677.5,1657.949951171875,1673.699951171875,1632.43212890625,5454296
2023-02-15,1678.0,1678.0,1656.75,1670.300048828125,1629.1160888671875,5719356
2023-02-16,1673.199951171875,1681.9000244140625,1661.0,1664.25,1623.2152099609375,4031250
2023-02-17,1661.0,1668.1500244140625,1642.949951171875,1655.9000244140625,1615.0711669921875,4478135
2023-02-20,1660.0,1669.449951171875,1634.800048828125,1640.3499755859375,1599.904541015625,4043353
2023-02-21,1640.0,1662.3499755859375,1634.0,1646.5,1605.90283203125,6194648
2023-02-22,1639.0,1641.949951171875,1609.050048828125,1614.199951171875,1574.399169921875,5179551
2023-02-23,1613.0,1618.8499755859375,1592.0999755859375,1603.25,1563.71923828125,13941005
2023-02-24,1617.9000244140625,1617.9000244140625,1585.199951171875,1588.949951171875,1549.7718505859375,8530870
2023-02-27,1585.9000244140625,1599.0,1577.300048828125,1592.9000244140625,1553.62451171875,7156486
2023-02-28,1592.0,1605.300048828125,1588.699951171875,1599.5999755859375,1560.1593017578125,9496996
2023-03-01,1612.0,1613.0,1595.75,1598.050048828125,1558.6475830078125,7068628
2023-03-02,1594.0,1605.949951171875,1582.0,1584.449951171875,1545.3828125,8695907
2023-03-03,1596.0,1620.0,1588.0,1615.9000244140625,1576.057373046875,7493117
2023-03-06,1620.0,1639.449951171875,1618.050048828125,1627.300048828125,1587.1763916015625,13502355
2023-03-08,1620.0,1639.5,1620.0,1630.550048828125,1590.34619140625,10049887
2023-03-09,1629.949951171875,1645.949951171875,1627.0,1630.699951171875,1590.492431640625,10350083
2023-03-10,1610.449951171875,1613.75,1585.0,1588.6500244140625,1549.479248046875,13693500
2023-03-13,1587.9000244140625,1603.800048828125,1564.949951171875,1568.550048828125,1529.8748779296875,13221775
2023-03-14,1570.25,1583.5999755859375,1559.300048828125,1564.3499755859375,1525.7784423828125,16592806
2023-03-15,1578.0,1582.9000244140625,1536.5999755859375,1541.9000244140625,1503.8819580078125,18632377
2023-03-16,1539.0,1559.0999755859375,1532.050048828125,1551.9000244140625,1513.6353759765625,10876671
2023-03-17,1557.5,1579.199951171875,1540.0,1572.6500244140625,1533.873779296875,11475438
2023-03-20,1567.949951171875,1568.0999755859375,1545.4000244140625,1561.75,1523.2425537109375,13251557
2023-03-21,1571.949951171875,1582.5,1556.199951171875,1579.449951171875,1540.5059814453125,16525247
2023-03-22,1584.0,1586.050048828125,1565.300048828125,1575.800048828125,1536.9461669921875,7088662
2023-03-23,1567.75,1590.3499755859375,1558.550048828125,1563.1500244140625,1524.6080322265625,14182089
2023-03-24,1560.0,1573.9000244140625,1554.949951171875,1560.6500244140625,1522.169677734375,15738874
2023-03-27,1562.199951171875,1579.449951171875,1558.9000244140625,1567.449951171875,1528.802001953125,15936003
2023-03-28,1565.699951171875,1582.9000244140625,1564.0999755859375,1580.199951171875,1541.237548828125,19638151
2023-03-29,1584.0,1602.0,1581.9000244140625,1587.800048828125,1548.6502685546875,19881806
2023-03-31,1595.5999755859375,1612.949951171875,1592.4000244140625,1609.550048828125,1569.864013671875,17355614
2023-04-03,1607.550048828125,1615.699951171875,1602.75,1610.550048828125,1570.8392333984375,20012699
2023-04-05,1618.5999755859375,1656.0,1616.0,1653.75,1612.97412109375,21682696
2023-04-06,1648.550048828125,1669.199951171875,1647.0999755859375,1666.3499755859375,1625.263427734375,22318672
2023-04-10,1663.25,1671.0,1654.0,1658.449951171875,1617.55810546875,15906643
2023-04-11,1659.0,1669.4000244140625,1651.0999755859375,1663.300048828125,1622.2886962890625,21180771
2023-04-12,1668.0,1688.199951171875,1667.800048828125,1684.9000244140625,1643.3560791015625,13477752
2023-04-13,1688.300048828125,1697.050048828125,1678.1500244140625,1692.449951171875,1650.7198486328125,17665043
2023-04-17,1720.0,1720.0,1653.300048828125,1666.6500244140625,1625.5560302734375,16202574
2023-04-18,1670.0,1677.25,1656.4000244140625,1659.5999755859375,1618.6798095703125,14818613
2023-04-19,1665.0,1670.300048828125,1657.1500244140625,1665.699951171875,1624.62939453125,12370584
2023-04-20,1671.699951171875,1677.449951171875,1666.4000244140625,1671.9000244140625,1630.6766357421875,16461358
2023-04-21,1669.0,1676.949951171875,1663.25,1674.5999755859375,1633.31005859375,10064309
2023-04-24,1687.0,1691.449951171875,1674.0999755859375,1688.1500244140625,1646.52587890625,17837926
2023-04-25,1687.699951171875,1687.699951171875,1661.9000244140625,1664.1500244140625,1623.11767578125,25176534
2023-04-26,1660.0,1675.0,1655.0,1671.800048828125,1630.5791015625,13696375
2023-04-27,1670.5,1685.25,1665.8499755859375,1681.0,1639.55224609375,23895196
2023-04-28,1684.699951171875,1691.0,1670.0,1687.5999755859375,1645.9893798828125,13958136
2023-05-02,1688.699951171875,1699.0,1682.0,1687.25,1645.648193359375,16110592
2023-05-03,1684.949951171875,1696.0,1679.6500244140625,1693.1500244140625,1651.4027099609375,14703635
2023-05-04,1687.0999755859375,1734.449951171875,1687.0999755859375,1727.800048828125,1685.1983642578125,28427319
2023-05-05,1639.0,1660.949951171875,1622.0999755859375,1625.6500244140625,1585.5670166015625,31385208
2023-05-08,1635.0,1650.3499755859375,1630.0,1644.449951171875,1603.9033203125,18622262
2023-05-09,1649.9000244140625,1656.0,1639.949951171875,1644.5,1603.9522705078125,21844469
2023-05-10,1644.5,1654.6500244140625,1633.0999755859375,1652.0999755859375,1611.36474609375,23170275
2023-05-11,1665.1500244140625,1688.0,1649.25,1653.199951171875,1612.437744140625,17867309
2023-05-12,1647.0,1672.800048828125,1644.25,1667.800048828125,1626.677734375,11239380
2023-05-15,1672.0,1680.75,1665.0999755859375,1675.800048828125,1634.48046875,9256130
2023-05-16,1671.800048828125,1671.800048828125,1644.0,1647.300048828125,1625.1085205078125,16361043
2023-05-17,1650.0,1650.0,1625.3499755859375,1638.449951171875,1616.3775634765625,15233434
2023-05-18,1648.0,1653.949951171875,1640.0,1645.0,1622.83935546875,24823471
2023-05-19,1648.0,1650.0,1631.550048828125,1646.9000244140625,1624.7138671875,15230166
2023-05-22,1645.0,1652.9000244140625,1632.699951171875,1641.050048828125,1618.942626953125,14167016
2023-05-23,1649.0,1649.5999755859375,1633.449951171875,1637.199951171875,1615.1444091796875,11235037
2023-05-24,1627.550048828125,1634.75,1613.5999755859375,1615.800048828125,1594.0328369140625,16794056
2023-05-25,1615.699951171875,1620.050048828125,1597.3499755859375,1609.5999755859375,1587.916259765625,14888465
2023-05-26,1619.0,1619.0,1602.25,1615.800048828125,1594.0328369140625,13317533
2023-05-29,1628.5,1641.0,1624.8499755859375,1635.5,1613.4674072265625,10908146
2023-05-30,1633.5999755859375,1642.6500244140625,1628.550048828125,1636.75,1614.7005615234375,18562964
2023-05-31,1629.9000244140625,1634.949951171875,1604.6500244140625,1610.8499755859375,1589.1494140625,21667135
2023-06-01,1619.9000244140625,1619.9000244140625,1600.0,1604.0,1582.3917236328125,25183469
2023-06-02,1612.449951171875,1614.800048828125,1601.0,1606.5,1584.8580322265625,8929855
2023-06-05,1614.5,1616.5,1602.449951171875,1604.4000244140625,1582.786376953125,9348621
2023-06-06,1607.6500244140625,1609.8499755859375,1592.25,1599.4000244140625,1577.853759765625,16091426
2023-06-07,1603.449951171875,1612.550048828125,1596.0,1607.699951171875,1586.0418701171875,12474513
2023-06-08,1603.25,1626.0,1603.25,1608.699951171875,1587.0283203125,18697761
2023-06-09,1615.9000244140625,1618.5,1607.0,1610.5999755859375,1588.90283203125,9106289
2023-06-12,1612.550048828125,1615.800048828125,1599.449951171875,1600.800048828125,1579.23486328125,6704146
2023-06-13,1590.0999755859375,1609.0,1590.0999755859375,1603.5,1581.8984375,13963054
2023-06-14,1610.449951171875,1612.0,1600.199951171875,1601.75,1580.1719970703125,10056984
2023-06-15,1604.0,1605.949951171875,1579.0,1582.050048828125,1560.7374267578125,17688738
2023-06-16,1587.1500244140625,1609.199951171875,1584.0,1602.75,1581.1585693359375,7889636
2023-06-19,1611.0,1614.25,1598.3499755859375,1604.1500244140625,1582.539794921875,12414573
2023-06-20,1604.1500244140625,1611.0,1590.6500244140625,1607.5,1585.8446044921875,10002813
2023-06-21,1616.0,1637.25,1611.0,1635.5999755859375,1613.5660400390625,12154473
2023-06-22,1640.0,1657.550048828125,1639.050048828125,1643.5999755859375,1621.458251953125,28298070
2023-06-23,1637.550048828125,1659.9000244140625,1634.050048828125,1643.5,1621.359619140625,10669609
2023-06-26,1645.0,1650.75,1628.699951171875,1635.550048828125,1613.5167236328125,8065157
2023-06-27,1642.949951171875,1672.9000244140625,1638.550048828125,1658.5999755859375,1636.2562255859375,16915932
2023-06-28,1670.0,1679.9000244140625,1660.5,1676.1500244140625,1653.56982421875,29781475
2023-06-30,1704.0,1708.800048828125,1683.25,1701.4000244140625,1678.4796142578125,20349508
2023-07-03,1712.5,1757.5,1710.0,1719.800048828125,1696.6318359375,22052058
2023-07-04,1723.449951171875,1747.0,1713.800048828125,1728.199951171875,1704.9185791015625,19397594
2023-07-05,1716.25,1720.0,1668.550048828125,1673.300048828125,1650.7581787109375,18582877
2023-07-06,1673.0,1687.8499755859375,1660.4000244140625,1675.0,1652.435302734375,26078272
2023-07-07,1665.0,1675.0,1656.300048828125,1660.4000244140625,1638.031982421875,9963168
2023-07-10,1661.0,1676.75,1649.699951171875,1656.449951171875,1634.1351318359375,19199221
2023-07-11,1663.0,1676.0,1645.5,1648.4000244140625,1626.193603515625,25335213
2023-07-12,1655.3499755859375,1666.300048828125,1627.1500244140625,1632.949951171875,1610.95166015625,35479179
2023-07-13,1656.699951171875,1657.449951171875,1638.050048828125,1641.0999755859375,1618.991943359375,20956773
2023-07-14,1653.5999755859375,1653.5999755859375,1635.0,1644.5,1622.34619140625,12363607
2023-07-17,1650.0,1682.0,1633.0,1678.9000244140625,1656.28271484375,24626464
2023-07-18,1698.0,1704.0,1670.0,1677.5,1654.901611328125,40538409
2023-07-19,1681.0999755859375,1688.75,1675.0,1685.0999755859375,1662.399169921875,16467567
2023-07-20,1681.1500244140625,1692.0,1680.0,1688.75,1666.0,28105474
2023-07-21,1680.0,1689.800048828125,1673.25,1675.75,1653.1751708984375,21077124
2023-07-24,1678.5,1684.6500244140625,1670.0999755859375,1678.4000244140625,1655.7894287109375,16089722
2023-07-25,1684.6500244140625,1699.0,1678.4000244140625,1696.5999755859375,1673.7442626953125,27996298
2023-07-26,1699.5999755859375,1699.5999755859375,1688.0,1690.699951171875,1667.9237060546875,12397179
2023-07-27,1699.9000244140625,1703.0,1667.449951171875,1673.1500244140625,1650.6102294921875,29870651
2023-07-28,1661.5,1668.9000244140625,1641.0999755859375,1643.5,1621.359619140625,20507842
2023-07-31,1650.050048828125,1656.800048828125,1638.699951171875,1651.199951171875,1628.955810546875,17282503
2023-08-01,1654.449951171875,1667.449951171875,1650.0,1662.25,1639.8570556640625,17697094
2023-08-02,1642.0,1651.5,1633.1500244140625,1640.5,1618.4000244140625,14058161
2023-08-03,1640.0,1651.3499755859375,1623.0,1628.6500244140625,1606.709716796875,28836973
2023-08-04,1635.1500244140625,1656.5,1629.25,1652.199951171875,1629.9423828125,18694152
2023-08-07,1663.0999755859375,1663.0999755859375,1647.550048828125,1651.25,1629.0052490234375,14150459
2023-08-08,1651.699951171875,1655.5999755859375,1642.050048828125,1649.9000244140625,1627.6734619140625,21886914
2023-08-09,1653.0,1654.5,1631.0999755859375,1650.5,1628.2652587890625,16680618
2023-08-10,1647.050048828125,1654.25,1631.0,1635.8499755859375,1613.8126220703125,25390559
2023-08-11,1638.4000244140625,1638.4000244140625,1616.199951171875,1618.800048828125,1596.992431640625,14112911
2023-08-14,1611.0,1615.0,1600.25,1610.9000244140625,1589.1988525390625,15652205
2023-08-16,1583.0999755859375,1609.6500244140625,1581.300048828125,1606.199951171875,1584.56201171875,17068771
2023-08-17,1597.5999755859375,1609.9000244140625,1594.0,1597.300048828125,1575.7821044921875,26442020
2023-08-18,1587.550048828125,1596.300048828125,1585.5,1590.75,1569.3201904296875,12816683
2023-08-21,1600.5,1600.5,1587.0,1589.5,1568.0870361328125,10918635
2023-08-22,1596.3499755859375,1598.0,1580.0,1582.699951171875,1561.378662109375,16136785
2023-08-23,1580.0,1590.550048828125,1573.25,1586.5999755859375,1565.22607421875,18249294
2023-08-24,1593.300048828125,1596.199951171875,1576.1500244140625,1579.300048828125,1558.0245361328125,21572896
2023-08-25,1574.550048828125,1577.5,1558.4000244140625,1561.5,1540.4642333984375,15034878
2023-08-28,1561.5,1582.6500244140625,1561.5,1577.75,1556.495361328125,14433619
2023-08-29,1589.699951171875,1592.6500244140625,1581.449951171875,1590.300048828125,1568.8763427734375,17769466
2023-08-30,1603.949951171875,1603.949951171875,1573.699951171875,1578.699951171875,1557.4324951171875,14042102
2023-08-31,1579.0,1583.1500244140625,1563.0999755859375,1571.449951171875,1550.2801513671875,50037886
2023-09-01,1571.0,1579.0,1559.3499755859375,1574.699951171875,1553.4864501953125,21613388
2023-09-04,1590.0,1591.449951171875,1574.9000244140625,1584.550048828125,1563.203857421875,12536819
2023-09-05,1588.4000244140625,1588.4000244140625,1570.5999755859375,1574.9000244140625,1553.683837890625,19356041
2023-09-06,1576.800048828125,1600.0,1574.9000244140625,1595.5,1574.0062255859375,28160455
2023-09-07,1595.5,1614.0,1587.1500244140625,1610.8499755859375,1589.1494140625,17104171
2023-09-08,1608.300048828125,1632.9000244140625,1607.5999755859375,1623.4000244140625,1601.5303955078125,17251105
2023-09-11,1628.9000244140625,1636.5,1624.0,1631.800048828125,1609.8172607421875,15786511
2023-09-12,1640.0,1642.9000244140625,1625.050048828125,1636.9000244140625,1614.8485107421875,19516670
2023-09-13,1631.300048828125,1651.5999755859375,1628.5999755859375,1643.9000244140625,1621.7542724609375,23210047
2023-09-14,1644.25,1650.0,1635.0999755859375,1642.9000244140625,1620.7677001953125,11769424
2023-09-15,1650.0,1670.0,1650.0,1661.75,1639.36376953125,86705601
2023-09-18,1653.75,1655.0,1626.0999755859375,1629.050048828125,1607.1043701171875,18528144
2023-09-20,1599.0,1599.0,1560.4000244140625,1563.699951171875,1542.6346435546875,57737324
2023-09-21,1553.0,1568.949951171875,1537.050048828125,1553.3499755859375,1532.424072265625,36420721
2023-09-22,1559.0,1564.4000244140625,1523.75,1529.6500244140625,1509.0433349609375,30852125
2023-09-25,1525.0,1540.699951171875,1525.0,1531.0,1510.3751220703125,20104377
2023-09-26,1525.0,1540.0,1525.0,1537.6500244140625,1516.935546875,13787654
2023-09-27,1523.0,1532.5,1515.0,1526.8499755859375,1506.281005859375,19669269
2023-09-28,1534.0,1537.5999755859375,1518.3499755859375,1523.699951171875,1503.1734619140625,27677094
2023-09-29,1523.699951171875,1535.449951171875,1522.300048828125,1526.300048828125,1505.738525390625,16026891
2023-10-03,1527.0,1527.0,1506.0,1508.050048828125,1487.734375,19485847
2023-10-04,1495.0,1535.0,1489.25,1529.550048828125,1508.9447021484375,27324715
2023-10-05,1535.050048828125,1551.550048828125,1532.5999755859375,1535.75,1515.0611572265625,24256337
2023-10-06,1544.0,1545.0,1529.8499755859375,1534.050048828125,1513.3841552734375,8879678
2023-10-09,1528.0,1530.0,1512.0,1516.25,1495.8238525390625,8227486
2023-10-10,1520.550048828125,1529.0,1515.199951171875,1524.8499755859375,1504.3079833984375,16633146
2023-10-11,1530.0999755859375,1542.1500244140625,1528.5,1539.5999755859375,1518.8592529296875,15666680
2023-10-12,1536.0999755859375,1552.0,1531.5999755859375,1549.8499755859375,1528.97119140625,11012668
2023-10-13,1540.0,1548.800048828125,1529.949951171875,1535.75,1515.0611572265625,19872650
2023-10-16,1531.5,1534.449951171875,1520.5,1529.5999755859375,1508.9940185546875,8928042
2023-10-17,1555.75,1555.75,1535.0,1541.199951171875,1520.437744140625,16451279
2023-10-18,1541.199951171875,1541.199951171875,1518.0999755859375,1519.75,1499.2767333984375,15608100
2023-10-19,1505.4000244140625,1526.25,1503.199951171875,1514.949951171875,1494.5413818359375,15126182
2023-10-20,1505.0,1527.0,1505.0,1522.800048828125,1502.28564453125,10547005
2023-10-23,1523.5,1528.75,1500.0999755859375,1506.050048828125,1485.7613525390625,11188068
2023-10-25,1521.0,1522.800048828125,1491.449951171875,1496.5,1476.3399658203125,14155998
2023-10-26,1491.25,1492.0,1460.25,1463.4000244140625,1443.6859130859375,27780899
2023-10-27,1469.5,1478.0,1466.9000244140625,1469.1500244140625,1449.3583984375,15970266
2023-10-30,1463.25,1489.949951171875,1461.9000244140625,1485.0999755859375,1465.093505859375,11655491
2023-10-31,1504.0,1504.0,1474.0,1476.5,1456.609375,16317412
2023-11-01,1462.25,1477.449951171875,1462.25,1474.5,1454.6363525390625,16938733
2023-11-02,1485.0,1490.5,1467.1500244140625,1476.75,1456.85595703125,22612577
2023-11-03,1488.0,1491.4000244140625,1481.6500244140625,1483.75,1463.76171875,9047670
2023-11-06,1498.0,1498.0,1483.0,1494.5,1474.3668212890625,12796865
2023-11-07,1494.0,1494.0,1477.199951171875,1487.25,1467.2144775390625,20976424
2023-11-08,1483.949951171875,1493.449951171875,1481.0,1491.550048828125,1471.4566650390625,15699773
2023-11-09,1486.0,1492.5999755859375,1483.5,1485.6500244140625,1465.6361083984375,11058370
2023-11-10,1480.0999755859375,1496.0,1480.050048828125,1491.5,1471.4072265625,7007593
2023-11-13,1492.0999755859375,1495.949951171875,1485.9000244140625,1488.800048828125,1468.74365234375,10302957
2023-11-15,1504.0999755859375,1510.949951171875,1500.550048828125,1504.4000244140625,1484.133544921875,20622730
2023-11-16,1509.699951171875,1519.0,1503.75,1508.3499755859375,1488.0302734375,14856919
2023-11-17,1490.0,1507.5,1489.0,1505.0999755859375,1484.8240966796875,11850937
2023-11-20,1513.0,1513.0,1501.550048828125,1505.199951171875,1484.9227294921875,9665726
2023-11-21,1519.0,1522.0,1512.0999755859375,1517.949951171875,1497.5008544921875,12479986
2023-11-22,1520.0,1520.0,1503.550048828125,1512.550048828125,1492.1737060546875,14561825
2023-11-23,1508.5,1523.8499755859375,1508.5,1521.300048828125,1500.805908203125,6523110
2023-11-24,1521.199951171875,1533.1500244140625,1519.8499755859375,1532.0999755859375,1511.4603271484375,8234596
2023-11-28,1535.199951171875,1537.25,1525.800048828125,1528.6500244140625,1508.056884765625,14244669
2023-11-29,1533.9000244140625,1563.0,1533.0,1559.1500244140625,1538.14599609375,17021244
2023-11-30,1569.1500244140625,1572.449951171875,1542.1500244140625,1558.800048828125,1537.8006591796875,34745720
2023-12-01,1557.9000244140625,1565.75,1552.0999755859375,1555.4000244140625,1534.446533203125,11076768
2023-12-04,1588.0,1612.0,1573.6500244140625,1609.4000244140625,1587.718994140625,25331228
2023-12-05,1636.5,1639.0,1616.5,1623.699951171875,1601.8262939453125,26115410
2023-12-06,1638.449951171875,1638.449951171875,1616.6500244140625,1627.800048828125,1605.8712158203125,19306530
2023-12-07,1625.0,1634.0,1616.199951171875,1630.449951171875,1608.4853515625,10225193
2023-12-08,1630.449951171875,1655.0,1630.449951171875,1653.199951171875,1630.928955078125,16864019
2023-12-11,1650.050048828125,1663.699951171875,1647.0,1651.0,1628.758544921875,11593810
2023-12-12,1654.199951171875,1656.25,1631.8499755859375,1634.5999755859375,1612.5794677734375,18290738
2023-12-13,1632.449951171875,1636.0,1615.0999755859375,1630.9000244140625,1608.9293212890625,14673457
2023-12-14,1646.0,1658.949951171875,1645.0,1650.1500244140625,1627.9200439453125,17586183
2023-12-15,1650.0,1668.0,1646.5999755859375,1656.550048828125,1634.23388671875,69418565
2023-12-18,1660.699951171875,1664.699951171875,1650.949951171875,1655.699951171875,1633.395263671875,9007377
2023-12-19,1650.0,1658.6500244140625,1644.050048828125,1652.9000244140625,1630.633056640625,12004223
2023-12-20,1658.0,1668.949951171875,1644.449951171875,1657.0,1634.677734375,17116260
2023-12-21,1657.0,1689.75,1650.25,1686.699951171875,1663.9775390625,18294620
2023-12-22,1683.5999755859375,1685.9000244140625,1667.0999755859375,1670.8499755859375,1648.3411865234375,24289425
2023-12-26,1673.25,1685.949951171875,1668.550048828125,1682.449951171875,1659.784912109375,9022928
2023-12-27,1681.5,1706.5,1678.5999755859375,1703.300048828125,1680.3541259765625,13504539
2023-12-28,1709.300048828125,1721.4000244140625,1702.0,1705.25,1682.2777099609375,22038235
2023-12-29,1697.0,1714.9000244140625,1696.0,1709.25,1686.223876953125,12505713
2024-01-01,1706.0,1709.1500244140625,1692.0,1698.0999755859375,1675.2239990234375,7119843
2024-01-02,1698.800048828125,1702.800048828125,1688.699951171875,1699.0999755859375,1676.2105712890625,14621046
2024-01-03,1702.0,1704.699951171875,1668.949951171875,1672.9000244140625,1650.363525390625,14194881
2024-01-04,1678.0,1694.949951171875,1670.699951171875,1690.8499755859375,1668.07177734375,13367028
2024-01-05,1687.1500244140625,1704.9000244140625,1668.0999755859375,1682.199951171875,1659.5382080078125,15944735
2024-01-08,1678.5,1682.3499755859375,1660.0,1663.449951171875,1641.040771484375,8999235
2024-01-09,1667.1500244140625,1677.800048828125,1646.75,1650.5,1628.2652587890625,12663444
2024-01-10,1643.0,1659.949951171875,1641.4000244140625,1655.949951171875,1633.641845703125,8057912
2024-01-11,1660.0,1662.9000244140625,1643.0,1649.0,1626.7855224609375,9157005
2024-01-12,1652.0,1656.0,1633.5999755859375,1641.199951171875,1619.090576171875,9886776
2024-01-15,1647.699951171875,1680.9000244140625,1643.5999755859375,1672.800048828125,1650.264892578125,14160178
2024-01-16,1673.0,1683.6500244140625,1658.0999755859375,1679.1500244140625,1656.5294189453125,12661250
2024-01-17,1570.0,1596.800048828125,1528.4000244140625,1537.5,1516.78759765625,85072618
2024-01-18,1494.0,1515.0,1480.050048828125,1486.1500244140625,1466.12939453125,80535465
2024-01-19,1505.949951171875,1510.25,1468.4000244140625,1470.6500244140625,1450.838134765625,54800269
2024-01-23,1465.0,1474.699951171875,1425.0,1427.3499755859375,1408.1214599609375,57734701
2024-01-24,1380.25,1458.449951171875,1380.25,1455.9000244140625,1436.286865234375,43002202
2024-01-25,1452.5,1457.3499755859375,1419.4000244140625,1434.9000244140625,1415.56982421875,49470926
2024-01-29,1448.050048828125,1462.800048828125,1445.800048828125,1454.6500244140625,1435.0537109375,32822749
2024-01-30,1454.550048828125,1463.199951171875,1440.9000244140625,1444.300048828125,1424.8431396484375,20864384
2024-01-31,1439.5,1474.949951171875,1436.800048828125,1462.550048828125,1442.8472900390625,32880520
2024-02-01,1465.050048828125,1473.5999755859375,1456.050048828125,1466.3499755859375,1446.5960693359375,16345370
2024-02-02,1475.0,1480.8499755859375,1442.050048828125,1446.1500244140625,1426.668212890625,22433877
2024-02-05,1446.0,1451.9000244140625,1434.050048828125,1444.8499755859375,1425.3857421875,19302523
2024-02-06,1445.550048828125,1449.699951171875,1432.5999755859375,1444.0999755859375,1424.645751953125,20537870
2024-02-07,1453.0,1453.800048828125,1426.6500244140625,1429.949951171875,1410.6864013671875,27418543
2024-02-08,1429.8499755859375,1438.949951171875,1400.5,1403.050048828125,1384.14892578125,34553062
2024-02-09,1392.1500244140625,1414.199951171875,1387.0,1403.5999755859375,1384.69140625,28321062
2024-02-12,1399.6500244140625,1413.6500244140625,1383.3499755859375,1390.0,1371.274658203125,17223906
2024-02-13,1391.949951171875,1404.3499755859375,1384.3499755859375,1394.449951171875,1375.6646728515625,28790497
2024-02-14,1376.0,1391.5,1363.550048828125,1384.050048828125,1365.40478515625,45660405
2024-02-15,1385.0,1415.5,1384.3499755859375,1414.050048828125,1395.000732421875,20792472
2024-02-16,1423.9000244140625,1427.699951171875,1408.449951171875,1419.9000244140625,1400.7718505859375,16087871
2024-02-19,1429.0,1429.0,1415.199951171875,1417.0999755859375,1398.009521484375,17225878
2024-02-20,1415.0,1457.25,1411.800048828125,1454.300048828125,1434.70849609375,28066754
2024-02-21,1464.0,1464.0,1435.0,1439.1500244140625,1419.7625732421875,22946568
2024-02-22,1417.75,1428.800048828125,1412.199951171875,1419.550048828125,1400.4266357421875,25280441
2024-02-23,1422.550048828125,1433.9000244140625,1418.0,1420.5999755859375,1401.46240234375,14916726
2024-02-26,1413.550048828125,1434.8499755859375,1413.550048828125,1422.300048828125,1403.1395263671875,11753435
2024-02-27,1413.550048828125,1426.699951171875,1413.050048828125,1420.1500244140625,1401.0185546875,16043575
2024-02-28,1420.1500244140625,1424.199951171875,1404.0,1409.4000244140625,1390.413330078125,12660993
2024-02-29,1402.0999755859375,1410.4000244140625,1397.300048828125,1403.4000244140625,1384.494140625,26647850
2024-03-01,1400.0,1432.75,1400.0,1430.75,1411.4757080078125,17369449
2024-03-04,1430.949951171875,1437.0,1424.300048828125,1432.699951171875,1413.3994140625,17808237
2024-03-05,1422.0,1443.0,1421.6500244140625,1440.8499755859375,1421.4395751953125,18995836
2024-03-06,1433.550048828125,1452.8499755859375,1433.550048828125,1442.5999755859375,1423.166015625,21204765
2024-03-07,1445.5,1451.050048828125,1441.4000244140625,1446.0999755859375,1426.618896484375,24674023
2024-03-11,1430.0,1445.949951171875,1423.0,1427.800048828125,1408.5654296875,25265547
2024-03-12,1434.0,1464.0,1429.25,1459.550048828125,1439.8876953125,32709227
2024-03-13,1465.5,1471.5999755859375,1450.0999755859375,1460.4000244140625,1440.726318359375,31533727
2024-03-14,1462.0999755859375,1466.0,1444.300048828125,1455.449951171875,1435.8428955078125,26216079
2024-03-15,1450.0,1459.300048828125,1442.25,1452.6500244140625,1433.0806884765625,71806902
2024-03-18,1447.0,1456.0,1435.800048828125,1446.050048828125,1426.569580078125,10718928
2024-03-19,1435.5,1452.4000244140625,1435.5,1449.3499755859375,1429.8250732421875,18091797
2024-03-20,1449.050048828125,1451.6500244140625,1424.6500244140625,1431.050048828125,1411.771728515625,21803047
2024-03-21,1442.5999755859375,1451.25,1438.300048828125,1445.75,1426.2735595703125,14461430
2024-03-22,1441.0,1450.75,1437.75,1442.8499755859375,1423.41259765625,22990163
2024-03-26,1427.199951171875,1437.949951171875,1422.1500244140625,1425.4000244140625,1406.19775390625,28422145
2024-03-27,1423.550048828125,1447.949951171875,1421.25,1440.699951171875,1421.2916259765625,31084334
2024-03-28,1440.699951171875,1460.5,1440.699951171875,1447.9000244140625,1428.3946533203125,27796071
2024-04-01,1458.0,1473.800048828125,1455.5999755859375,1470.5,1450.690185546875,12599785
2024-04-02,1465.1500244140625,1494.8499755859375,1463.25,1480.1500244140625,1460.210205078125,20612723
2024-04-03,1472.0999755859375,1495.6500244140625,1471.4000244140625,1482.300048828125,1462.331298828125,22792193
2024-04-04,1504.0,1530.0,1504.0,1527.5999755859375,1507.02099609375,44467533
2024-04-05,1539.0,1554.5,1530.1500244140625,1549.550048828125,1528.67529296875,29527951
2024-04-08,1554.949951171875,1557.25,1541.550048828125,1546.5999755859375,1525.7650146484375,10241470
2024-04-09,1554.8499755859375,1554.8499755859375,1540.300048828125,1548.550048828125,1527.688720703125,10942247
2024-04-10,1549.9000244140625,1549.9000244140625,1532.949951171875,1536.3499755859375,1515.653076171875,13903700
2024-04-12,1521.0,1529.8499755859375,1513.449951171875,1518.949951171875,1498.4874267578125,20542104
2024-04-15,1497.550048828125,1510.0,1492.050048828125,1494.699951171875,1474.5640869140625,11707624
2024-04-16,1487.0,1512.9000244140625,1482.25,1509.25,1488.918212890625,10372443
2024-04-18,1509.800048828125,1518.8499755859375,1491.050048828125,1494.699951171875,1474.5640869140625,17117442
2024-04-19,1486.550048828125,1534.949951171875,1480.25,1531.300048828125,1510.671142578125,17288217
2024-04-22,1557.4000244140625,1557.4000244140625,1508.300048828125,1512.199951171875,1491.828369140625,21149219
2024-04-23,1526.300048828125,1526.5,1503.25,1507.5999755859375,1487.2904052734375,13413530
2024-04-24,1515.0,1521.75,1509.050048828125,1511.699951171875,1491.3350830078125,11220790
2024-04-25,1506.25,1519.699951171875,1506.25,1510.75,1490.39794921875,17722602
2024-04-26,1519.800048828125,1528.0,1505.550048828125,1509.800048828125,1489.4608154296875,12427347
2024-04-29,1515.0,1534.449951171875,1506.550048828125,1529.5,1508.8953857421875,18046675
2024-04-30,1529.199951171875,1539.5,1514.9000244140625,1520.0999755859375,1499.6219482421875,26153691
2024-05-02,1522.0,1537.0,1520.3499755859375,1532.25,1511.6082763671875,16737503
2024-05-03,1533.25,1540.5999755859375,1507.199951171875,1519.5999755859375,1499.128662109375,15932621
2024-05-06,1522.0,1534.5,1517.1500244140625,1522.6500244140625,1502.1376953125,14396698
2024-05-07,1521.949951171875,1524.050048828125,1504.1500244140625,1506.1500244140625,1485.8599853515625,14240301
2024-05-08,1495.949951171875,1496.949951171875,1480.3499755859375,1482.6500244140625,1462.676513671875,20843931
2024-05-09,1474.949951171875,1486.75,1445.300048828125,1447.5,1428.0,23140639
2024-05-10,1439.0,1451.949951171875,1426.800048828125,1437.9000244140625,1437.9000244140625,13638304
2024-05-13,1432.0,1459.800048828125,1430.300048828125,1455.25,1455.25,13523601
2024-05-14,1452.25,1465.5,1450.300048828125,1460.949951171875,1460.949951171875,12832571
2024-05-15,1459.699951171875,1459.699951171875,1435.800048828125,1438.5,1438.5,19465998
2024-05-16,1446.050048828125,1462.550048828125,1435.5,1460.25,1460.25,17472618
2024-05-17,1446.199951171875,1468.0,1446.199951171875,1464.0999755859375,1464.0999755859375,10460095
2024-05-21,1450.0999755859375,1469.699951171875,1450.0999755859375,1458.800048828125,1458.800048828125,21884989
2024-05-22,1457.8499755859375,1465.5999755859375,1448.1500244140625,1459.199951171875,1459.199951171875,19998139
2024-05-23,1458.6500244140625,1495.6500244140625,1457.050048828125,1492.5999755859375,1492.5999755859375,20430960
2024-05-24,1487.5,1519.9000244140625,1486.0,1517.199951171875,1517.199951171875,15530103
2024-05-27,1523.3499755859375,1545.0,1519.050048828125,1527.699951171875,1527.699951171875,14692720
2024-05-28,1530.0999755859375,1536.050048828125,1524.800048828125,1530.5,1530.5,13954452
2024-05-29,1518.0,1523.8499755859375,1501.25,1508.300048828125,1508.300048828125,17573853
2024-05-30,1499.199951171875,1523.5999755859375,1497.6500244140625,1514.8499755859375,1514.8499755859375,16877675
2024-05-31,1519.0,1536.0,1514.0,1531.550048828125,1531.550048828125,37039794
2024-06-03,1599.0,1599.0,1550.0,1572.199951171875,1572.199951171875,36318628
2024-06-04,1557.0,1559.0,1454.0,1483.1500244140625,1483.1500244140625,44765620
2024-06-05,1494.050048828125,1559.5999755859375,1482.3499755859375,1551.800048828125,1551.800048828125,40815825
2024-06-06,1564.9000244140625,1565.449951171875,1546.5999755859375,1559.699951171875,1559.699951171875,23211435
2024-06-07,1561.050048828125,1584.3499755859375,1552.050048828125,1573.3499755859375,1573.3499755859375,18356108
2024-06-10,1574.0,1580.6500244140625,1557.5999755859375,1561.300048828125,1561.300048828125,11227029
2024-06-11,1556.0,1571.0,1552.199951171875,1564.800048828125,1564.800048828125,14772663
2024-06-12,1575.0,1588.300048828125,1566.4000244140625,1574.1500244140625,1574.1500244140625,19640218
2024-06-13,1581.75,1585.699951171875,1574.0,1580.75,1580.75,12060096
2024-06-14,1584.0,1599.0,1577.699951171875,1596.9000244140625,1596.9000244140625,12770277
2024-06-18,1596.9000244140625,1610.5,1589.449951171875,1607.800048828125,1607.800048828125,16207857
2024-06-19,1613.4000244140625,1669.9000244140625,1604.0,1657.8499755859375,1657.8499755859375,45065598
2024-06-20,1669.800048828125,1681.449951171875,1652.0,1669.3499755859375,1669.3499755859375,20704371
2024-06-21,1672.8499755859375,1672.8499755859375,1643.1500244140625,1665.75,1665.75,25815388
2024-06-24,1647.0,1675.0999755859375,1645.75,1672.4000244140625,1672.4000244140625,14272497
2024-06-25,1671.0999755859375,1716.949951171875,1671.0999755859375,1711.3499755859375,1711.3499755859375,37260774
2024-06-26,1707.949951171875,1710.9000244140625,1691.0999755859375,1701.5,1701.5,23798333
2024-06-27,1696.0999755859375,1713.0,1686.5999755859375,1696.1500244140625,1696.1500244140625,27537325
2024-06-28,1697.5999755859375,1706.5999755859375,1679.0,1683.800048828125,1683.800048828125,13238023
2024-07-01,1680.0,1707.300048828125,1680.0,1705.199951171875,1705.199951171875,10593512
2024-07-02,1715.0,1734.9000244140625,1702.75,1730.5999755859375,1730.5999755859375,22960845
2024-07-03,1791.0,1794.0,1764.6500244140625,1768.6500244140625,1768.6500244140625,61608901
2024-07-04,1759.75,1759.75,1724.8499755859375,1727.1500244140625,1727.1500244140625,22924329
2024-07-05,1685.0,1685.0,1642.199951171875,1648.0999755859375,1648.0999755859375,41121274
2024-07-08,1645.300048828125,1654.949951171875,1627.1500244140625,1635.3499755859375,1635.3499755859375,19543900
2024-07-09,1625.0,1646.699951171875,1620.3499755859375,1636.5,1636.5,24275439
2024-07-10,1629.949951171875,1640.0,1620.75,1626.0999755859375,1626.0999755859375,22753591
2024-07-11,1623.949951171875,1625.8499755859375,1601.0,1621.9000244140625,1621.9000244140625,22088537
2024-07-12,1622.0,1638.4000244140625,1611.1500244140625,1622.699951171875,1622.699951171875,28024980
2024-07-15,1623.5,1629.800048828125,1615.199951171875,1622.0999755859375,1622.0999755859375,16687847
2024-07-16,1620.75,1627.0,1616.800048828125,1619.75,1619.75,14475162
2024-07-18,1608.0,1623.949951171875,1599.1500244140625,1614.800048828125,1614.800048828125,16858532
2024-07-19,1616.0,1623.0,1603.5,1607.300048828125,1607.300048828125,13001076
2024-07-22,1617.0,1651.0,1612.6500244140625,1642.550048828125,1642.550048828125,26872411
2024-07-23,1647.550048828125,1647.800048828125,1605.0,1618.4000244140625,1618.4000244140625,26001076
2024-07-24,1608.1500244140625,1621.0,1588.050048828125,1604.050048828125,1604.050048828125,30864103
2024-07-25,1593.0,1625.0,1593.0,1616.5999755859375,1616.5999755859375,12767866
2024-07-26,1605.0,1621.75,1596.449951171875,1618.1500244140625,1618.1500244140625,21905270
2024-07-29,1615.0,1631.8499755859375,1598.300048828125,1605.050048828125,1605.050048828125,25500574
2024-07-30,1602.0,1634.75,1599.0,1615.550048828125,1615.550048828125,27297917
2024-07-31,1614.0,1627.9000244140625,1609.199951171875,1615.75,1615.75,18910242
2024-08-01,1622.9000244140625,1650.050048828125,1617.949951171875,1638.800048828125,1638.800048828125,13107587
2024-08-02,1631.0,1670.5,1631.0,1659.1500244140625,1659.1500244140625,22059619
2024-08-05,1640.0999755859375,1646.0,1601.0,1615.75,1615.75,20666817
2024-08-06,1630.0,1632.949951171875,1593.300048828125,1601.199951171875,1601.199951171875,22558025
2024-08-07,1617.0,1630.0,1602.199951171875,1623.5,1623.5,21173132
2024-08-08,1624.0,1653.300048828125,1619.25,1642.699951171875,1642.699951171875,16988475
2024-08-09,1652.0,1662.550048828125,1645.800048828125,1650.199951171875,1650.199951171875,13322309
2024-08-12,1652.0,1675.949951171875,1647.3499755859375,1660.0999755859375,1660.0999755859375,19658098
2024-08-13,1628.0,1632.4000244140625,1601.1500244140625,1603.199951171875,1603.199951171875,27027521
2024-08-14,1606.5,1613.699951171875,1603.199951171875,1607.800048828125,1607.800048828125,16167214
2024-08-16,1628.5,1634.1500244140625,1611.0,1632.0999755859375,1632.0999755859375,13924623
2024-08-19,1637.6500244140625,1637.6500244140625,1623.699951171875,1631.550048828125,1631.550048828125,9751082
2024-08-20,1627.449951171875,1646.0,1627.449951171875,1637.699951171875,1637.699951171875,15567247
2024-08-21,1628.0999755859375,1634.550048828125,1617.800048828125,1625.800048828125,1625.800048828125,23815452
2024-08-22,1632.0,1638.300048828125,1628.0,1631.300048828125,1631.300048828125,10650319
2024-08-23,1634.0,1634.0,1623.0,1625.050048828125,1625.050048828125,10166711
2024-08-26,1632.199951171875,1647.949951171875,1632.199951171875,1639.949951171875,1639.949951171875,11182133
2024-08-27,1643.4000244140625,1647.4000244140625,1632.199951171875,1637.75,1637.75,17886622
2024-08-28,1637.75,1639.75,1630.199951171875,1637.0999755859375,1637.0999755859375,13460594
2024-08-29,1642.0,1644.4000244140625,1631.1500244140625,1638.550048828125,1638.550048828125,24526302
2024-08-30,1656.0,1662.0,1621.1500244140625,1636.9000244140625,1636.9000244140625,222671050
2024-09-02,1646.800048828125,1646.800048828125,1623.199951171875,1626.949951171875,1626.949951171875,17024840
2024-09-03,1634.0,1639.949951171875,1624.5999755859375,1637.3499755859375,1637.3499755859375,18641430
2024-09-04,1639.0,1644.800048828125,1632.0,1641.800048828125,1641.800048828125,12341372
2024-09-05,1646.0,1649.9000244140625,1642.0,1645.449951171875,1645.449951171875,11438159
2024-09-06,1638.300048828125,1647.75,1634.0999755859375,1636.949951171875,1636.949951171875,13014801
2024-09-09,1638.0,1648.5,1630.0999755859375,1646.5,1646.5,11896457
2024-09-10,1654.0,1654.0,1638.0,1650.3499755859375,1650.3499755859375,13303323
2024-09-11,1650.4000244140625,1652.5,1639.199951171875,1643.9000244140625,1643.9000244140625,11113342
2024-09-12,1654.0,1670.0,1647.050048828125,1666.5999755859375,1666.5999755859375,16212023
2024-09-13,1674.0,1674.0,1657.050048828125,1665.949951171875,1665.949951171875,11930266
2024-09-16,1667.0,1677.800048828125,1664.050048828125,1670.949951171875,1670.949951171875,7586410
2024-09-17,1678.0,1678.0,1664.1500244140625,1668.800048828125,1668.800048828125,10063561
2024-09-18,1671.8499755859375,1698.9000244140625,1671.0999755859375,1694.800048828125,1694.800048828125,20458671
2024-09-19,1699.199951171875,1719.0,1699.1500244140625,1708.5,1708.5,15325888
2024-09-20,1716.5,1744.949951171875,1707.550048828125,1741.199951171875,1741.199951171875,30311693
2024-09-23,1749.0,1766.3499755859375,1740.25,1759.800048828125,1759.800048828125,13482675
2024-09-24,1765.0,1781.6500244140625,1754.25,1768.050048828125,1768.050048828125,16519518
2024-09-25,1760.1500244140625,1788.0,1760.1500244140625,1779.0999755859375,1779.0999755859375,15982656
2024-09-26,1773.050048828125,1788.0,1768.050048828125,1783.449951171875,1783.449951171875,15949822
2024-09-27,1777.0,1778.199951171875,1750.0,1752.6500244140625,1752.6500244140625,17806751
2024-09-30,1748.800048828125,1751.449951171875,1724.4000244140625,1732.050048828125,1732.050048828125,13191767
2024-10-01,1724.0,1742.0,1720.0999755859375,1726.199951171875,1726.199951171875,12286142
2024-10-03,1715.6500244140625,1726.1500244140625,1673.3499755859375,1682.0,1682.0,24236699
2024-10-04,1674.5,1690.6500244140625,1653.0,1657.6500244140625,1657.6500244140625,24341616
2024-10-07,1652.199951171875,1659.0,1613.0,1617.800048828125,1617.800048828125,47229148
2024-10-08,1630.0,1656.800048828125,1622.0,1651.050048828125,1651.050048828125,14867203
2024-10-09,1649.5,1656.75,1628.699951171875,1633.1500244140625,1633.1500244140625,20562821
2024-10-10,1639.0,1665.449951171875,1632.5,1662.4000244140625,1662.4000244140625,10877383
2024-10-11,1664.449951171875,1664.449951171875,1643.25,1651.0,1651.0,11836297
2024-10-14,1656.050048828125,1692.050048828125,1654.0,1688.0999755859375,1688.0999755859375,9263754
2024-10-15,1694.0,1698.0,1675.5,1684.0999755859375,1684.0999755859375,9825565
2024-10-16,1680.0999755859375,1707.949951171875,1680.0999755859375,1699.800048828125,1699.800048828125,10235341
2024-10-17,1694.949951171875,1697.6500244140625,1665.199951171875,1673.1500244140625,1673.1500244140625,7347866
2024-10-18,1663.0999755859375,1691.0,1654.0999755859375,1681.8499755859375,1681.8499755859375,12404862
2024-10-21,1715.0,1748.1500244140625,1711.050048828125,1728.699951171875,1728.699951171875,23274177
2024-10-22,1730.050048828125,1740.0,1710.699951171875,1714.550048828125,1714.550048828125,19437640
2024-10-23,1705.050048828125,1746.5,1705.050048828125,1735.800048828125,1735.800048828125,19018045
2024-10-24,1738.0999755859375,1768.6500244140625,1738.0999755859375,1749.6500244140625,1749.6500244140625,15416129
2024-10-25,1755.0,1757.8499755859375,1728.699951171875,1743.4000244140625,1743.4000244140625,13065239
2024-10-28,1742.0,1751.0,1728.9000244140625,1734.199951171875,1734.199951171875,11006071
2024-10-29,1726.1500244140625,1764.0,1725.0999755859375,1751.8499755859375,1751.8499755859375,17897463
2024-10-30,1742.0,1754.75,1724.199951171875,1734.5999755859375,1734.5999755859375,16357862
2024-10-31,1728.0,1738.9000244140625,1719.4000244140625,1735.699951171875,1735.699951171875,11447956
2024-11-01,1733.0,1744.0999755859375,1726.0999755859375,1737.300048828125,1737.300048828125,879846
2024-11-04,1745.0,1745.0,1710.9000244140625,1714.0999755859375,1714.0999755859375,14044624
2024-11-05,1703.0,1762.699951171875,1697.9000244140625,1757.8499755859375,1757.8499755859375,22116203
2024-11-06,1771.5,1771.5,1745.3499755859375,1755.25,1755.25,13893955
2024-11-07,1744.300048828125,1760.949951171875,1738.0,1746.550048828125,1746.550048828125,9447728
2024-11-08,1752.0,1761.800048828125,1745.8499755859375,1754.449951171875,1754.449951171875,9951493
2024-11-11,1754.550048828125,1782.800048828125,1751.199951171875,1766.300048828125,1766.300048828125,12282681
2024-11-12,1772.0,1775.0,1708.6500244140625,1718.199951171875,1718.199951171875,15697703
2024-11-13,1716.75,1729.4000244140625,1673.0,1681.3499755859375,1681.3499755859375,17864250
2024-11-14,1673.0999755859375,1704.8499755859375,1672.0999755859375,1692.75,1692.75,13573235
2024-11-18,1700.0,1718.9000244140625,1695.0,1705.0999755859375,1705.0999755859375,13540984
2024-11-19,1714.0,1753.75,1702.699951171875,1742.25,1742.25,25490636
2024-11-21,1749.4000244140625,1759.0,1734.199951171875,1741.199951171875,1741.199951171875,17858256
2024-11-22,1743.550048828125,1754.300048828125,1729.550048828125,1745.5999755859375,1745.5999755859375,12386806
2024-11-25,1785.050048828125,1803.550048828125,1764.9000244140625,1785.5999755859375,1785.5999755859375,213868637
2024-11-26,1810.0,1810.0,1769.800048828125,1785.550048828125,1785.550048828125,15467783
2024-11-27,1789.9000244140625,1817.3499755859375,1785.1500244140625,1812.300048828125,1812.300048828125,16357488
2024-11-28,1819.0,1836.0999755859375,1788.0,1793.1500244140625,1793.1500244140625,17861196
2024-11-29,1801.300048828125,1804.5999755859375,1782.9000244140625,1796.050048828125,1796.050048828125,13834768
2024-12-02,1803.5,1808.1500244140625,1775.0,1804.699951171875,1804.699951171875,7555438
2024-12-03,1822.699951171875,1837.4000244140625,1816.0999755859375,1826.300048828125,1826.300048828125,21705121
2024-12-04,1838.0,1865.0,1831.1500244140625,1860.0999755859375,1860.0999755859375,22334542
2024-12-05,1860.0,1879.949951171875,1835.199951171875,1865.75,1865.75,19841357
2024-12-06,1857.0,1864.199951171875,1844.0,1855.8499755859375,1855.8499755859375,8891578
2024-12-09,1853.6500244140625,1880.0,1849.0,1870.0,1870.0,13473956
2024-12-10,1877.699951171875,1877.699951171875,1858.550048828125,1868.0999755859375,1868.0999755859375,6662740
2024-12-11,1861.699951171875,1871.9000244140625,1856.75,1863.0999755859375,1863.0999755859375,7022713
2024-12-12,1851.0,1868.6500244140625,1848.699951171875,1859.25,1859.25,8646895
2024-12-13,1862.5,1875.0,1829.25,1871.75,1871.75,9504501
2024-12-16,1865.0999755859375,1869.949951171875,1855.25,1865.199951171875,1865.199951171875,6553541
2024-12-17,1856.3499755859375,1862.3499755859375,1826.5,1833.25,1833.25,10539766
2024-12-18,1829.8499755859375,1836.0,1807.1500244140625,1810.699951171875,1810.699951171875,11711156
2024-12-19,1799.5999755859375,1801.0999755859375,1779.0,1793.5,1793.5,12690385
2024-12-20,1782.199951171875,1797.550048828125,1767.050048828125,1771.5,1771.5,12846174
2024-12-23,1782.0,1806.0,1781.300048828125,1801.0,1801.0,5522296
2024-12-24,1802.050048828125,1808.699951171875,1789.550048828125,1798.0999755859375,1798.0999755859375,7242917
2024-12-26,1798.550048828125,1812.0,1780.75,1790.75,1790.75,5240839
2024-12-27,1794.800048828125,1805.949951171875,1789.0999755859375,1798.25,1798.25,3629665
2024-12-30,1792.199951171875,1815.0,1771.0,1777.9000244140625,1777.9000244140625,11111109
2024-12-31,1770.300048828125,1781.800048828125,1765.5999755859375,1772.8499755859375,1772.8499755859375,7058618
2025-01-01,1773.449951171875,1794.0,1761.0999755859375,1782.75,1782.75,3656903
2025-01-02,1777.0999755859375,1803.449951171875,1773.0,1793.75,1793.75,9279288
2025-01-03,1791.0,1795.25,1746.300048828125,1749.199951171875,1749.199951171875,12213097
2025-01-06,1740.0999755859375,1757.199951171875,1705.800048828125,1710.5,1710.5,9408174
2025-01-07,1715.0,1721.0,1700.0,1713.4000244140625,1713.4000244140625,6763953
2025-01-08,1708.25,1711.6500244140625,1683.3499755859375,1694.300048828125,1694.300048828125,9869095
2025-01-09,1684.1500244140625,1689.0,1658.0999755859375,1667.800048828125,1667.800048828125,20210111
2025-01-10,1671.0,1674.9000244140625,1654.0,1656.75,1656.75,8726640
2025-01-13,1640.0,1646.75,1624.300048828125,1630.8499755859375,1630.8499755859375,10834533
2025-01-14,1639.9000244140625,1656.199951171875,1637.0,1646.5999755859375,1646.5999755859375,13330716
2025-01-15,1656.5,1662.699951171875,1636.300048828125,1643.050048828125,1643.050048828125,7011446
2025-01-16,1652.8499755859375,1660.550048828125,1642.8499755859375,1652.050048828125,1652.050048828125,10606227
2025-01-17,1643.5,1650.5,1628.5,1636.75,1636.75,11556038
2025-01-20,1626.0,1660.949951171875,1626.0,1651.25,1651.25,8778809
2025-01-21,1658.25,1661.050048828125,1633.050048828125,1642.4000244140625,1642.4000244140625,15579072
2025-01-22,1642.4000244140625,1671.9000244140625,1625.449951171875,1666.050048828125,1666.050048828125,15309653
2025-01-23,1687.0,1687.0,1651.25,1664.9000244140625,1664.9000244140625,17454579
2025-01-24,1660.0,1670.300048828125,1644.5,1649.800048828125,1649.800048828125,12118100
2025-01-27,1641.0999755859375,1643.5999755859375,1626.0,1629.800048828125,1629.800048828125,11402083
2025-01-28,1647.0,1684.300048828125,1647.0,1670.4000244140625,1670.4000244140625,15089656
2025-01-29,1675.0,1681.1500244140625,1668.8499755859375,1677.300048828125,1677.300048828125,6309945
2025-01-30,1681.0,1697.9000244140625,1672.550048828125,1691.5,1691.5,12872423
2025-01-31,1687.25,1704.699951171875,1683.949951171875,1698.75,1698.75,7910843
2025-02-03,1670.0,1686.800048828125,1663.449951171875,1678.0,1678.0,10138270
2025-02-04,1688.699951171875,1725.800048828125,1680.050048828125,1720.9000244140625,1720.9000244140625,14308251
2025-02-05,1733.0,1744.199951171875,1718.9000244140625,1737.800048828125,1737.800048828125,11837753
2025-02-06,1735.5,1749.0,1724.0,1743.8499755859375,1743.8499755859375,13380358
2025-02-07,1750.0,1767.0,1725.0,1732.75,1732.75,11754800
2025-02-10,1717.300048828125,1723.449951171875,1708.5,1715.75,1715.75,8597975
2025-02-11,1703.0,1711.0,1688.699951171875,1701.4000244140625,1701.4000244140625,11362352
2025-02-12,1693.0,1712.0,1681.199951171875,1706.800048828125,1706.800048828125,11404785
2025-02-13,1699.0,1714.25,1695.0999755859375,1696.800048828125,1696.800048828125,4742227
